Model,Shock_Length,Shock_Stroke,Travel_mm,Leverage_Avg,Start_Leverage,End_Leverage,Progression_Pct,Source_URL
2022 STARLING Sturn,9.5,3.0,203.0,2.66,2.6,2.6,0.0,http://www.avalanchedownhillracing.com/Bike set ups/2022 Sturn.htm
2022 INTENSE M29,250.0,70.0,208.0,2.97,4.2,2.42,42.38,http://www.avalanchedownhillracing.com/Bike set ups/2022 M29.htm
2022 CANFIELD Jedi 29er,250.0,75.0,203.0,2.71,3.42,2.47,27.78,http://www.avalanchedownhillracing.com/Bike set ups/2022 Jedi 29er.htm
2022 BIRD Aeris 9,230.0,65.0,160.0,2.46,2.85,2.13,25.3,http://www.avalanchedownhillracing.com/Bike set ups/2022 Aeris 9.htm
2022 TALARIA Sting,10.5,3.5,210.0,2.36,3.2,2.1,34.38,http://www.avalanchedownhillracing.com/Bike set ups/2022 Sting.htm
2023 NUKEPROOF MEGA 297,230.0,65.0,165.0,2.54,2.90,2.39,17.6,http://www.avalanchedownhillracing.com/Bike set ups/2023 MEGA 297.htm
2022 SPECIALIZED Turbo Levo Cascade,210.0,55.0,160.0,2.91,3.51,2.53,27.9,http://www.avalanchedownhillracing.com/Bike set ups/2022 Turbo Levo Cascade.htm
2022 ROCKY MOUNTAIN Altitude C50 R6,230.0,60.0,170.0,2.83,3.14,2.45,21.97,http://www.avalanchedownhillracing.com/Bike set ups/2022 Altitude C50 R6.htm
2021 SANTA CRUZ Heckler 8 Mx,210.0,52.5,140.0,2.55,3.2,2.38,25.6,http://www.avalanchedownhillracing.com/Bike set ups/2021 Heckler 8 Mx.htm
2022 ATHERTON AM.200,225.0,75.0,200.0,2.67,3.3,2.3,30.3,http://www.avalanchedownhillracing.com/Bike set ups/2022 AM.200.htm
2025 ORBEA Wild,205.0,65.0,170.0,2.62,3.1,2.18,29.7,http://www.avalanchedownhillracing.com/Bike set ups/2025 Wild.htm
2025 YETI MTe,185.0,55.0,145.0,2.64,3.08,2.25,26.9,http://www.avalanchedownhillracing.com/Bike set ups/2025 MTe.htm
2004 SANTA CRUZ Bullit,8.5,2.5,178.0,2.8,2.8,2.8,0.0,http://www.avalanchedownhillracing.com/Bike set ups/2004 Bullit.htm
2022 ORBEA Rise Cc,210.0,55.0,150.0,2.73,3.28,2.39,27.13,http://www.avalanchedownhillracing.com/Bike set ups/2022 Rise Cc.htm
2022 FORBIDDEN Dreadnought,205.0,65.0,154.0,2.37,2.675,1.875,29.9,http://www.avalanchedownhillracing.com/Bike set ups/2022 Dreadnought.htm
2021 ROCKY MOUNTAIN Altitude Power Play,210.0,55.0,150.0,2.73,3.07,2.22,27.7,http://www.avalanchedownhillracing.com/Bike set ups/2021 Altitude Power Play.htm
2022 NORCO Range C2,205.0,62.5,170.0,2.72,3.22,2.62,18.6,http://www.avalanchedownhillracing.com/Bike set ups/2022 Range C2.htm
2023 STARLING Murmur Enduro V3,230.0,60.0,150.0,2.5,2.45,2.55,4.08,http://www.avalanchedownhillracing.com/Bike set ups/2023 Murmur Enduro V3.htm
2019 BANSHEE Legend 650,9.5,3.0,205.0,2.7,3.6,2.75,,http://www.avalanchedownhillracing.com/Bike set ups/2019 Legend 650.htm
2020 EVIL BIKES Offering V1,185.0,55.0,140.0,2.55,3.04,2.33,23.4,http://www.avalanchedownhillracing.com/Bike set ups/2020 Offering V1.htm
2022 SPECIALIZED Turbo Levo Expert,210.0,55.0,150.0,2.73,3.09,2.41,22.0,http://www.avalanchedownhillracing.com/Bike set ups/2022 Turbo Levo Expert.htm
2023 SANTA CRUZ Hightower V3 Cc,210.0,55.0,160.0,2.91,3.5,2.65,24.29,http://www.avalanchedownhillracing.com/Bike set ups/2023 Hightower V3 Cc.htm
2023 SANTA CRUZ V10.8 Carbon,250.0,75.0,208.0,2.77,3.5,2.36,32.57,http://www.avalanchedownhillracing.com/Bike set ups/2023 V10.8 Carbon.htm
2022 FORBIDDEN Dreadnought Cascade,205.0,65.0,165.0,2.54,3.0,1.8,40.0,http://www.avalanchedownhillracing.com/Bike set ups/2022 Dreadnought Cascade.htm
2017 SPECIALIZED Demo 8 UPGlink,9.5,3.0,200.0,2.62,2.85,2.35,,http://www.avalanchedownhillracing.com/Bike set ups/2017 Demo 8 UPGlink.htm
2016 TRANSITION Patrol Carbon,8.5,2.5,155.0,2.44,SAG POINT LEVERAGE,PROGRESSION %,4.0,http://www.avalanchedownhillracing.com/Bike set ups/2016 Patrol Carbon.htm
2025 COMMENCAL Clash 24,190.0,45.0,145.0,3.22,3.2,2.45,23.44,http://www.avalanchedownhillracing.com/Bike set ups/2025 Clash 24.htm
2020 OPTIBIKE R15C,240.0,76.0,203.0,2.67,4.3,2.3,46.5,http://www.avalanchedownhillracing.com/Bike set ups/2020 R15C.htm
2025 Antidote E-Bike,205.0,65.0,160.0,2.46,2.7,2.35,12.96,http://www.avalanchedownhillracing.com/Bike set ups/2025 E-Bike.htm
2024 E-RIDE Pro SS 1.0,10.5,3.5,210.0,2.36,2.36,2.36,0.0,http://www.avalanchedownhillracing.com/Bike set ups/2024 Pro SS 1.0.htm
2022 NORCO Shore,225.0,70.0,180.0,2.57,3.09,2.35,23.9,http://www.avalanchedownhillracing.com/Bike set ups/2022 Shore.htm
2015 KONA Process 167,8.5,2.5,167.0,2.63,2.88,2.58,10.4,http://www.avalanchedownhillracing.com/Bike set ups/2015 Process 167.htm
2017 KNOLLY Warden Carbon,200.0,57.0,155.0,2.72,3.12,2.4,23.1,http://www.avalanchedownhillracing.com/Bike set ups/2017 Warden Carbon.htm
2022 SPECIALIZED Enduro S-Works,205.0,60.0,170.0,2.83,3.32,2.4,27.7,http://www.avalanchedownhillracing.com/Bike set ups/2022 Enduro S-Works .htm
2022 We Are One Arrival 152,185.0,55.0,152.0,2.76,3.37,2.44,27.6,http://www.avalanchedownhillracing.com/Bike set ups/2022 Arrival 152.htm
2025 IBIS Ripmo V3,230.0,60.0,150.0,2.5,3.3,2.3,,http://www.avalanchedownhillracing.com/Bike set ups/2025 Ripmo V3.htm
2015 MONDRAKER Summum,8.75,2.75,200.0,2.86,3.4,2.5,26.5,http://www.avalanchedownhillracing.com/Bike set ups/2015 Summum.htm
2023 SANTA CRUZ Hightower V3,210.0,55.0,145.0,2.64,3.07,2.35,,http://www.avalanchedownhillracing.com/Bike set ups/2023 Hightower V3.htm
2020 SPECIALIZED Turbo Kenevo EXP 65mm,230.0,65.0,187.0,2.88,3.3,2.65,19.7,http://www.avalanchedownhillracing.com/Bike set ups/2020 Turbo Kenevo EXP 65mm.htm
2019 SANTA CRUZ Nomad V4,230.0,60.0,170.0,2.83,3.5,2.38,32.0,http://www.avalanchedownhillracing.com/Bike set ups/2019 Nomad V4.htm
2021 EVIL BIKES Offering V2 Cascade,185.0,55.0,145.0,2.64,3.4,2.2,35.3,http://www.avalanchedownhillracing.com/Bike set ups/2021 Offering V2 Cascade.htm
2021 Devinci Troy Carbon XT 12S,185.0,52.5,140.0,2.67,3.1,2.4,22.6,http://www.avalanchedownhillracing.com/Bike set ups/2021 Troy Carbon XT 12S.htm
2024 NORCO Optic C1,185.0,50.0,125.0,2.5,2.8,2.26,,http://www.avalanchedownhillracing.com/Bike set ups/2024 Optic C1.htm
2018 YT Industries Jeffsy 27.5 AL,230.0,60.0,150.0,2.5,3.23,2.13,34.1,http://www.avalanchedownhillracing.com/Bike set ups/2018 Jeffsy 27.5 AL.htm
2020 SPECIALIZED Turbo Levo Cascade,210.0,55.0,160.0,2.91,3.52,2.72,22.7,http://www.avalanchedownhillracing.com/Bike set ups/2020 Turbo Levo Cascade.htm
2022 MARIN Alpine Trail Carbon 1,205.0,65.0,150.0,2.31,2.55,2.11,17.25,http://www.avalanchedownhillracing.com/Bike set ups/2022 Alpine Trail Carbon 1.htm
2023 NICOLAI G1,230.0,65.0,175.0,2.69,3.42,2.3,32.7,http://www.avalanchedownhillracing.com/Bike set ups/2023 G1.htm
2016 KNOLLY Delirium,8.75,2.75,185.0,2.65,3.1,2.25,27.4,http://www.avalanchedownhillracing.com/Bike set ups/2016 Delirium.htm
2015 CANFIELD Riot,200.0,57.0,140.0,2.46,2.64,2.32,12.1,http://www.avalanchedownhillracing.com/Bike set ups/2015 Riot.htm
2025 SCOTT Ransom 600,165.0,45.0,130.0,2.89,3.3,2.6,21.2,http://www.avalanchedownhillracing.com/Bike set ups/2025 Ransom 600.htm
2022 COMMENCAL Meta SX,230.0,62.5,160.0,2.56,3.02,2.55,15.6,http://www.avalanchedownhillracing.com/Bike set ups/2022 Meta SX.htm
2018 TRANSITION TR11 V1,8.75,2.75,195.0,2.79,SAG POINT LEVERAGE,PROGRESSION %,,http://www.avalanchedownhillracing.com/Bike set ups/2018 TR11 V1.htm
2024 ROCKY MOUNTAIN Altitude A50,230.0,60.0,160.0,2.67,3.2,2.05,35.94,http://www.avalanchedownhillracing.com/Bike set ups/2024 Altitude A50.htm
2020 SANTA CRUZ Tallboy V4 50mm Cc,190.0,50.0,139.0,2.78,3.4,2.25,33.8,http://www.avalanchedownhillracing.com/Bike set ups/2020 Tallboy V4 50mm Cc.htm
2019 Cotic Rocket Gen 3,7.875,2.25,157.0,2.75,3.0,2.5,16.67,http://www.avalanchedownhillracing.com/Bike set ups/2019 Rocket Gen 3.htm
2025 FORBIDDEN Druid Core,210.0,55.0,150.0,2.73,3.0,2.25,25.0,http://www.avalanchedownhillracing.com/Bike set ups/2025 Druid Core.htm
2004 SANTA CRUZ Blur,7.875,2.0,115.0,2.25,2.0,1.88,6.0,http://www.avalanchedownhillracing.com/Bike set ups/2004 Blur.htm
2019 TRANSITION TR11 V2,250.0,75.0,200.0,2.67,SAG POINT LEVERAGE,PROGRESSION %,,http://www.avalanchedownhillracing.com/Bike set ups/2019 TR11 V2.htm
2022 MARIN Alpine Trail Carbon 2,205.0,65.0,150.0,2.31,2.55,2.11,17.25,http://www.avalanchedownhillracing.com/Bike set ups/2022 Alpine Trail Carbon 2.htm
2022 SPECIALIZED Turbo Kenevo Expert,230.0,62.5,180.0,2.88,3.3,2.65,19.7,http://www.avalanchedownhillracing.com/Bike set ups/2022 Turbo Kenevo Expert.htm
2021 TREK Rail 9.5,230.0,57.5,150.0,2.61,2.9,2.4,17.2,http://www.avalanchedownhillracing.com/Bike set ups/2021 Rail 9.5.htm
2023 GIANT Reign 2,205.0,60.0,160.0,2.67,3.125,2.35,24.8,http://www.avalanchedownhillracing.com/Bike set ups/2023 Reign 2.htm
2018 TREK Slash,230.0,57.5,150.0,2.61,2.9,2.3,20.7,http://www.avalanchedownhillracing.com/Bike set ups/2018 Slash.htm
2023 CANYON Spectral 29 CF 8,230.0,60.0,150.0,2.5,3.1,2.18,29.7,http://www.avalanchedownhillracing.com/Bike set ups/2023 Spectral 29 CF 8.htm
2013 SPECIALIZED Status II,8.75,2.75,200.0,2.86,3.4,2.62,22.9,http://www.avalanchedownhillracing.com/Bike set ups/2013 Status II.htm
2009 PIVOT Firebird,8.5,2.5,167.0,2.63,3.3,2.25,31.8,http://www.avalanchedownhillracing.com/Bike set ups/2009 Firebird.htm
2021 KNOLLY Fugitive LT,185.0,55.0,135.0,2.45,2.83,2.14,24.4,http://www.avalanchedownhillracing.com/Bike set ups/2021 Fugitive LT.htm
2016 CANFIELD Balance,8.5,2.5,165.0,2.6,2.85,2.45,14.0,http://www.avalanchedownhillracing.com/Bike set ups/2016 Balance.htm
2021 COMMENCAL Meta AM 29,230.0,62.5,165.0,2.64,3.02,2.55,15.6,http://www.avalanchedownhillracing.com/Bike set ups/2021 Meta AM 29.htm
2023 GIANT Reign SX,205.0,65.0,165.0,2.54,3.125,2.30,26.4,http://www.avalanchedownhillracing.com/Bike set ups/2023 Reign SX.htm
2022 IBIS Ripley AF,190.0,45.0,120.0,2.67,2.9,2.52,13.1,http://www.avalanchedownhillracing.com/Bike set ups/2022 Ripley AF.htm
2016 KNOLLY Warden,200.0,57.0,150.0,2.63,3.12,2.4,23.1,http://www.avalanchedownhillracing.com/Bike set ups/2016 Warden.htm
2024 NICOLAI Saturn 16 MGU,205.0,62.5,160.0,2.56,3.08,2.12,31.17,http://www.avalanchedownhillracing.com/Bike set ups/2024 Saturn 16 MGU.htm
2022 FORBIDDEN Supernought,225.0,75.0,205.0,2.73,3.24,2.16,33.3,http://www.avalanchedownhillracing.com/Bike set ups/2022 Supernought.htm
2023 COMMENCAL Supreme DH V5,250.0,75.0,225.0,3.0,3.6,2.25,,http://www.avalanchedownhillracing.com/Bike set ups/2023 Supreme DH V5.htm
2014 BANSHEE Darkside,8.75,2.75,180.0,2.58,3.15,2.45,22.2,http://www.avalanchedownhillracing.com/Bike set ups/2014 Darkside.htm
2021 COMMENCAL Meta Power Tr,210.0,55.0,140.0,2.55,2.82,2.3,18.4,http://www.avalanchedownhillracing.com/Bike set ups/2021 Meta Power Tr.htm
2022 Kingdom Void 160,230.0,60.0,160.0,2.67,2.67,2.67,0.0,http://www.avalanchedownhillracing.com/Bike set ups/2022 Void 160.htm
2019 JAMIS Portal,210.0,55.0,130.0,2.36,2.26,2.46,8.85,http://www.avalanchedownhillracing.com/Bike set ups/2019 Portal.htm
2021 KNOLLY Fugitive,185.0,50.0,120.0,2.4,2.85,2.15,24.6,http://www.avalanchedownhillracing.com/Bike set ups/2021 Fugitive.htm
2019 IBIS Mojo HD5,7.875,2.25,153.0,2.68,2.85,2.68,6.0,http://www.avalanchedownhillracing.com/Bike set ups/2019 Mojo HD5.htm
2025 SPECIALIZED Turbo Levo Exp CC LT,230.0,65.0,170.0,2.62,3.19,2.24,29.8,http://www.avalanchedownhillracing.com/Bike set ups/2025 Turbo Levo Exp CC LT.htm
2022 PIVOT Firebird XT XTR,205.0,65.0,165.0,2.54,3.25,2.15,33.8,http://www.avalanchedownhillracing.com/Bike set ups/2022 Firebird XT XTR.htm
2001 BROOKLYN TMX,9.0,3.0,229.0,3.01,3.3,2.7,18.18,http://www.avalanchedownhillracing.com/Bike set ups/2001 TMX.htm
2021 PROPAIN Spindrift Al,230.0,65.0,180.0,2.77,3.08,2.2,28.6,http://www.avalanchedownhillracing.com/Bike set ups/2021 Spindrift Al.htm
2024 RAAW Madonna V3 60R M,205.0,60.0,160.0,2.67,3.1,2.3,,http://www.avalanchedownhillracing.com/Bike set ups/2024 Madonna V3 60R M.htm
2002 SANTA CRUZ VP10.1,8.75,2.75,255.0,3.64,SAG POINT LEVERAGE,PROGRESSION %,4.0,http://www.avalanchedownhillracing.com/Bike set ups/2002 VP10.1.htm
2022 SPOT BIKES Ryve 115,165.0,45.0,115.0,2.56,SAG POINT LEVERAGE,PROGRESSION %,,http://www.avalanchedownhillracing.com/Bike set ups/2022 Ryve 115.htm
2022 NUKEPROOF Giga 290 LP,205.0,60.0,170.0,2.83,3.21,2.4,25.2,http://www.avalanchedownhillracing.com/Bike set ups/2022 Giga 290 LP.htm
2023 VAMPIRE Fastarossa 190,230.0,65.0,190.0,2.92,3.41,2.54,25.5,http://www.avalanchedownhillracing.com/Bike set ups/2023 Fastarossa 190.htm
2025 NICOLAI G1 2.0,230.0,65.0,175.0,2.69,3.42,2.3,32.7,http://www.avalanchedownhillracing.com/Bike set ups/2025 G1 2.0.htm
2017 INTENSE Tracer,8.5,2.5,165.0,2.6,COMMENTS,1.95,,http://www.avalanchedownhillracing.com/Bike set ups/2017 Tracer.htm
2022 TREK Slash,230.0,62.5,160.0,2.56,2.9,2.3,20.7,http://www.avalanchedownhillracing.com/Bike set ups/2022 Slash.htm
2023 ORBEA Rise,210.0,55.0,140.0,2.55,2.9,2.28,21.38,http://www.avalanchedownhillracing.com/Bike set ups/2023 Rise.htm
2019 YT Industries Jeffsy 27.5,210.0,55.0,140.0,2.55,SAG POINT LEVERAGE,PROGRESSION %,,http://www.avalanchedownhillracing.com/Bike set ups/2019 Jeffsy 27.5.htm
2023 TREK Rail 7,230.0,57.5,150.0,2.61,2.9,2.4,17.2,http://www.avalanchedownhillracing.com/Bike set ups/2023 Rail 7.htm
2022 SPECIALIZED Turbo Levo SL,210.0,52.5,150.0,2.86,Back to Leverage Curves,2.58,12.8,http://www.avalanchedownhillracing.com/Bike set ups/2022 Turbo Levo SL.htm
2022 BIRD Aeris AM9 V3,230.0,65.0,150.0,2.31,2.65,2.1,20.8,http://www.avalanchedownhillracing.com/Bike set ups/2022 Aeris AM9 V3.htm
2022 GT Bikes Force Carbon 29,230.0,65.0,160.0,2.46,2.60,2.2,15.38,http://www.avalanchedownhillracing.com/Bike set ups/2022 Force Carbon 29.htm
2022 ORBEA Wild Cascade,205.0,65.0,165.0,2.54,3.2,2.12,33.75,http://www.avalanchedownhillracing.com/Bike set ups/2022 Wild Cascade.htm
2021 PIVOT Switchblade,185.0,55.0,142.0,2.58,3.1,2.28,26.5,http://www.avalanchedownhillracing.com/Bike set ups/2021 Switchblade.htm
2023 NICOLAI G1 75 mm,250.0,75.0,210.0,2.8,3.42,2.2,35.7,http://www.avalanchedownhillracing.com/Bike set ups/2023 G1 75 mm.htm
2022 ROCKY MOUNTAIN Instinct Pp Alloy,210.0,55.0,140.0,2.55,3.05,2.09,31.5,http://www.avalanchedownhillracing.com/Bike set ups/2022 Instinct Pp Alloy.htm
2019 DEVINCI Spartan 29,205.0,65.0,165.0,2.54,2.92,2.15,26.4,http://www.avalanchedownhillracing.com/Bike set ups/2019 Spartan 29.htm
2019 SPECIALIZED Turbo Levo SL,210.0,52.5,150.0,2.86,SAG POINT LEVERAGE,PROGRESSION %,,http://www.avalanchedownhillracing.com/Bike set ups/2019 Turbo Levo SL.htm
2022 SPECIALIZED Turbo Levo S-W,210.0,55.0,150.0,2.73,3.09,2.41,22.0,http://www.avalanchedownhillracing.com/Bike set ups/2022 Turbo Levo S-W.htm
2022 SANTA CRUZ BRONSON V4 Cascade ST,230.0,60.0,160.0,2.67,3.29,2.18,33.7,http://www.avalanchedownhillracing.com/Bike set ups/2022 BRONSON V4 Cascade ST.htm
2016 PIVOT Firebird,8.5,2.5,170.0,2.68,3.63,2.3,36.6,http://www.avalanchedownhillracing.com/Bike set ups/2016 Firebird.htm
2022 ORANGE Stage 6 EVO Team,210.0,55.0,140.0,2.55,2.56,2.54,0.78,http://www.avalanchedownhillracing.com/Bike set ups/2022 Stage 6 EVO Team.htm
2024 GasGas MXC 6,205.0,60.0,140.0,2.33,2.7,2.0,25.9,http://www.avalanchedownhillracing.com/Bike set ups/2024 MXC 6.htm
2016 DEVINCI Wilson Carbon,9.5,3.0,204.0,2.68,3.4,2.25,33.8,http://www.avalanchedownhillracing.com/Bike set ups/2016 Wilson Carbon.htm
2021 MARIN Rift Zone 27.5,210.0,50.0,120.0,2.4,SAG POINT LEVERAGE,PROGRESSION %,,http://www.avalanchedownhillracing.com/Bike set ups/2021 Rift Zone 27.5.htm
2023 HUSQVARNA HC5,230.0,65.0,170.0,2.62,2.9,2.25,22.4,http://www.avalanchedownhillracing.com/Bike set ups/2023 HC5.htm
2022 ROCKY MOUNTAIN Instinct Pp Alloy 60,210.0,60.0,150.0,2.5,3.05,2.02,33.77,http://www.avalanchedownhillracing.com/Bike set ups/2022 Instinct Pp Alloy 60.htm
2025 VAMPIRE Fastarossa 190,225.0,75.0,190.0,2.53,2.85,2.25,21.1,http://www.avalanchedownhillracing.com/Bike set ups/2025 Fastarossa 190.htm
2019 SANTA CRUZ MEGATOWER V1,230.0,57.5,160.0,2.78,3.42,2.33,31.9,http://www.avalanchedownhillracing.com/Bike set ups/2019 MEGATOWER V1.htm
2024 YT Industries Tues 27.5,267.0,89.0,200.0,2.25,3.1,1.9,38.7,http://www.avalanchedownhillracing.com/Bike set ups/2024 Tues 27.5.htm
2024 ATHERTON S.170,205.0,65.0,170.0,2.62,3.3,2.2,33.3,http://www.avalanchedownhillracing.com/Bike set ups/2024 S.170.htm
2015 CANFIELD Jedi,240.0,76.0,228.0,3.0,3.53,2.65,24.93,http://www.avalanchedownhillracing.com/Bike set ups/2015 Jedi.htm
2017 SPECIALIZED Enduro,8.25,2.25,165.0,2.89,3.2,2.85,10.9,http://www.avalanchedownhillracing.com/Bike set ups/2017 Enduro.htm
2022 ORBEA Rallon,230.0,60.0,160.0,2.67,3.11,2.35,24.44,http://www.avalanchedownhillracing.com/Bike set ups/2022 Rallon.htm
2021 SCOTT RANSOM 920 E-Bike,205.0,65.0,180.0,2.77,3.1,2.35,24.2,http://www.avalanchedownhillracing.com/Bike set ups/2021 RANSOM 920 E-Bike.htm
2020 YT Industries Jeffsy 29er,210.0,55.0,150.0,2.73,3.5,2.3,34.3,http://www.avalanchedownhillracing.com/Bike set ups/2020 Jeffsy 29er.htm
2016 KNOLLY Chilcotin,7.875,2.25,151.0,2.64,3.4,2.55,25.0,http://www.avalanchedownhillracing.com/Bike set ups/2016 Chilcotin.htm
2022 SPECIALIZED Turbo Levo Comp,210.0,55.0,150.0,2.73,3.09,2.41,22.0,http://www.avalanchedownhillracing.com/Bike set ups/2022 Turbo Levo Comp.htm
2025 TREK Rail + 8 Gen 5,205.0,65.0,160.0,2.46,2.92,2.19,,http://www.avalanchedownhillracing.com/Bike set ups/2025 Rail + 8 Gen 5.htm
2022 CANYON Spectral ON CRF,230.0,60.0,150.0,2.5,3.1,2.18,29.7,http://www.avalanchedownhillracing.com/Bike set ups/2022 Spectral ON CRF.htm
2021 SPECIALIZED Stumpjumper Alloy,190.0,45.0,130.0,2.89,3.07,2.52,17.9,http://www.avalanchedownhillracing.com/Bike set ups/2021 Stumpjumper Alloy.htm
2023 STARLING Murmur Trail V3,210.0,55.0,135.0,2.45,2.40,2.50,4.17,http://www.avalanchedownhillracing.com/Bike set ups/2023 Murmur Trail V3.htm
2021 IBIS Exie 29er,190.0,45.0,100.0,2.22,2.45,2.05,16.3,http://www.avalanchedownhillracing.com/Bike set ups/2021 Exie 29er.htm
2024 SCOTT RANSOM 920,205.0,65.0,170.0,2.62,3.0,2.3,23.3,http://www.avalanchedownhillracing.com/Bike set ups/2024 RANSOM 920.htm
2021 COMMENCAL Meta TR 29 WRP,210.0,55.0,142.0,2.58,3.0,2.29,23.7,http://www.avalanchedownhillracing.com/Bike set ups/2021 Meta TR 29 WRP.htm
2011 Black Market  Roam,200.0,57.0,160.0,2.81,4.3,1.35,,http://www.avalanchedownhillracing.com/Bike set ups/2011 Roam.htm
2025 VAMPIRE Fastarossa 165,225.0,75.0,165.0,2.2,2.35,1.95,17.0,http://www.avalanchedownhillracing.com/Bike set ups/2025 Fastarossa 165.htm
2022 SPECIALIZED Demo Race,225.0,75.0,200.0,2.67,3.47,2.05,40.9,http://www.avalanchedownhillracing.com/Bike set ups/2022 Demo Race.htm
2022 YT Industries Decoy 70 mm,230.0,70.0,175.0,2.5,3.1,2.05,33.87,http://www.avalanchedownhillracing.com/Bike set ups/2022 Decoy 70 mm.htm
2020 YETI SB130,210.0,52.5,130.0,2.48,2.62,2.32,11.5,http://www.avalanchedownhillracing.com/Bike set ups/2020 SB130.htm
2014 CANFIELD Balance,7.875,2.25,160.0,2.8,2.98,2.8,6.0,http://www.avalanchedownhillracing.com/Bike set ups/2014 Balance.htm
2019 IBIS Ripley V4,190.0,45.0,120.0,2.67,2.9,2.52,13.1,http://www.avalanchedownhillracing.com/Bike set ups/2019 Ripley V4.htm
2021 PIVOT Phoenix V3,250.0,70.0,190.0,2.71,3.5,2.45,30.0,http://www.avalanchedownhillracing.com/Bike set ups/2021 Phoenix V3.htm
2022 We Are One Arrival 170,205.0,65.0,170.0,2.62,3.39,2.17,36.0,http://www.avalanchedownhillracing.com/Bike set ups/2022 Arrival 170.htm
2014 BANSHEE Rune V2,8.5,2.5,160.0,2.52,2.95,2.4,18.6,http://www.avalanchedownhillracing.com/Bike set ups/2014 Rune V2.htm
2016 EVIL BIKES Insurgent,7.875,2.25,150.0,2.62,3.2,2.55,20.3,http://www.avalanchedownhillracing.com/Bike set ups/2016 Insurgent.htm
2016 INTENSE Uzzi,8.75,2.75,190.0,2.72,3.3,1.8,45.45,http://www.avalanchedownhillracing.com/Bike set ups/2016 Uzzi.htm
2022 ATHERTON AM.150,205.0,60.0,150.0,2.5,3.13,2.1,32.9,http://www.avalanchedownhillracing.com/Bike set ups/2022 AM.150.htm
2004 MOUNTAIN CYCLE San Andreas,6.5,1.5,114.0,76.0,2.9,2.9,0.0,http://www.avalanchedownhillracing.com/Bike set ups/2004 San Andreas.htm
2021 KNOLLY Warden LT 65mm,205.0,65.0,175.0,2.69,3.2,2.20,31.2,http://www.avalanchedownhillracing.com/Bike set ups/2021 Warden LT 65mm.htm
2020 INTENSE Tazer E-Bike,185.0,55.0,155.0,2.82,2.9,2.2,24.1,http://www.avalanchedownhillracing.com/Bike set ups/2020 Tazer E-Bike.htm
2022 EVIL BIKES Insurgent,205.0,65.0,168.0,2.58,3.19,2.5,21.6,http://www.avalanchedownhillracing.com/Bike set ups/2022 Insurgent.htm
2020 SANTA CRUZ Bullit V3,230.0,62.5,170.0,2.72,3.28,2.33,29.0,http://www.avalanchedownhillracing.com/Bike set ups/2020 Bullit V3.htm
2015 WHYTE T-130,8.5,2.5,130.0,2.05,SAG POINT LEVERAGE,PROGRESSION %,,http://www.avalanchedownhillracing.com/Bike set ups/2015 T-130.htm
2023 KONA Process 134 DL,185.0,55.0,134.0,2.44,2.50,2.24,10.4,http://www.avalanchedownhillracing.com/Bike set ups/2023 Process 134 DL.htm
2019 GIANT Trance 29,185.0,50.0,120.0,2.4,2.94,2.54,13.6,http://www.avalanchedownhillracing.com/Bike set ups/2019 Trance 29.htm
2020 ZERODE Taniwha Trail,216.0,63.0,160.0,2.54,2.68,2.3,14.2,http://www.avalanchedownhillracing.com/Bike set ups/2020 Taniwha Trail.htm
2023 TREK Fuel Ex 8 Gen 6,185.0,55.0,140.0,2.55,2.80,COMMENTS,21.4,http://www.avalanchedownhillracing.com/Bike set ups/2023 Fuel Ex 8 Gen 6.htm
2018 CANYON TORQUE CF,250.0,70.0,175.0,2.5,3.16,2.18,31.01,http://www.avalanchedownhillracing.com/Bike set ups/2018 TORQUE CF.htm
2024 RAAW Madonna V3 65R M-3,205.0,65.0,160.0,2.46,2.78,2.25,,http://www.avalanchedownhillracing.com/Bike set ups/2024 Madonna V3 65R M-3.htm
2017 TREK Farley EX8,7.25,1.875,120.0,2.52,2.9,2.4,17.2,http://www.avalanchedownhillracing.com/Bike set ups/2017 Farley EX8.htm
2020 SEGWAY X260,10.5,3.5,210.0,2.36,3.1,2.2,29.03,http://www.avalanchedownhillracing.com/Bike set ups/2020 X260.htm
2020 BANSHEE Titan V3,205.0,65.0,155.0,2.38,2.98,2.15,,http://www.avalanchedownhillracing.com/Bike set ups/2020 Titan V3.htm
2017 ROCKY MOUNTAIN Maiden,9.5,3.0,200.0,2.63,3.05,2.15,29.5,http://www.avalanchedownhillracing.com/Bike set ups/2017 Maiden.htm
2021 SPECIALIZED Turbo Kenevo SL Expert,230.0,62.5,170.0,2.72,3.3,2.47,25.2,http://www.avalanchedownhillracing.com/Bike set ups/2021 Turbo Kenevo SL Expert.htm
2018 POLE Evolink  140 V1.3,200.0,57.0,140.0,2.46,2.85,2.3,19.3,http://www.avalanchedownhillracing.com/Bike set ups/2018 Evolink  140 V1.3.htm
2010 TURNER Six Pack,7.5,2.0,152.0,2.99,3.5,2.1,40.0,http://www.avalanchedownhillracing.com/Bike set ups/2010 Six Pack.htm
2022 MARIN Alpine Trail Carbon E2,205.0,65.0,150.0,2.31,2.52,2.125,15.67,http://www.avalanchedownhillracing.com/Bike set ups/2022 Alpine Trail Carbon E2.htm
2025 RAAW Yalla V2,225.0,75.0,198.0,2.64,3.05,2.32,,http://www.avalanchedownhillracing.com/Bike set ups/2025 Yalla V2.htm
2013 KONA Entourage DL,8.75,2.75,170.0,2.43,2.46,2.26,8.1,http://www.avalanchedownhillracing.com/Bike set ups/2013 Entourage DL.htm
2016 NUKEPROOF MEGA 275,8.5,2.5,160.0,2.52,2.55,2.15,15.69,http://www.avalanchedownhillracing.com/Bike set ups/2016 MEGA 275.htm
2013 IBIS MOJO SL,7.875,2.0,140.0,2.8,3.15,2.55,19.0,http://www.avalanchedownhillracing.com/Bike set ups/2013 MOJO SL.htm
2022 SALSA Rustler SLX,210.0,55.0,130.0,2.36,SAG POINT LEVERAGE,PROGRESSION %,,http://www.avalanchedownhillracing.com/Bike set ups/2022 Rustler SLX.htm
2022 SPECIALIZED Turbo Levo CC AL LT,230.0,65.0,165.0,2.54,3.31,2.17,34.4,http://www.avalanchedownhillracing.com/Bike set ups/2022 Turbo Levo CC AL LT.htm
2020 CANFIELD One.2,250.0,75.0,203.0,2.71,3.0,2.45,18.33,http://www.avalanchedownhillracing.com/Bike set ups/2020 One.2.htm
2021 SPECIALIZED Stumpjumper Evo Expert,210.0,55.0,150.0,2.73,3.13,2.48,20.8,http://www.avalanchedownhillracing.com/Bike set ups/2021 Stumpjumper Evo Expert.htm
2021 TRANSITION Sentinel V2 C Cascade,205.0,62.5,165.0,2.64,3.22,2.25,30.1,http://www.avalanchedownhillracing.com/Bike set ups/2021 Sentinel V2 C Cascade.htm
2016 SANTA CRUZ Hightower 1,200.0,51.0,150.0,2.94,2.57,2.45,4.67,http://www.avalanchedownhillracing.com/Bike set ups/2016 Hightower 1.htm
2022 NORCO Range VLT C1,230.0,65.0,182.5,2.81,3.1,2.5,19.4,http://www.avalanchedownhillracing.com/Bike set ups/2022 Range VLT C1.htm
2022 RAAW Jibb,185.0,55.0,135.0,2.45,2.65,2.2,17.0,http://www.avalanchedownhillracing.com/Bike set ups/2022 Jibb.htm
2020 SUR-RON Light Bee X Mod,10.5,3.5,210.0,2.36,3.1,2.2,29.0,http://www.avalanchedownhillracing.com/Bike set ups/2020 Light Bee X Mod.htm
2017 VENTANA Zeus,200.0,57.0,160.0,2.81,3.18,2.65,16.7,http://www.avalanchedownhillracing.com/Bike set ups/2017 Zeus.htm
2015 GIANT Glory,9.5,3.0,205.0,2.69,3.45,2.45,29.0,http://www.avalanchedownhillracing.com/Bike set ups/2015 Glory.htm
2019 ORANGE Stage 6,200.0,57.0,146.0,2.56,2.57,2.55,0.8,http://www.avalanchedownhillracing.com/Bike set ups/2019 Stage 6.htm
2021 ORBEA Rise 60 mm,210.0,60.0,151.0,2.52,2.9,2.22,23.45,http://www.avalanchedownhillracing.com/Bike set ups/2021 Rise 60 mm.htm
2018 EVIL BIKES Following V2,165.0,45.0,120.0,2.67,3.1,2.45,21.0,http://www.avalanchedownhillracing.com/Bike set ups/2018 Following V2.htm
2025 ORBEA Rise LT,210.0,55.0,150.0,2.73,2.9,2.23,23.1,http://www.avalanchedownhillracing.com/Bike set ups/2025 Rise LT.htm
2020 SANTA CRUZ Tallboy V3,7.25,1.75,110.0,2.47,3.18,2.33,26.7,http://www.avalanchedownhillracing.com/Bike set ups/2020 Tallboy V3.htm
2023 SPECIALIZED Stumpjumper Evo Pro,210.0,55.0,150.0,2.73,3.13,2.48,20.8,http://www.avalanchedownhillracing.com/Bike set ups/2023 Stumpjumper Evo Pro.htm
2023 JAMIS Portal,210.0,55.0,130.0,2.36,2.26,2.46,8.85,http://www.avalanchedownhillracing.com/Bike set ups/2023 Portal.htm
2017 KONA Operator,8.75,2.75,200.0,2.86,3.23,2.54,21.4,http://www.avalanchedownhillracing.com/Bike set ups/2017 Operator.htm
2021 TREK Remedy 9.8,230.0,57.5,150.0,2.61,2.92,2.36,19.2,http://www.avalanchedownhillracing.com/Bike set ups/2021 Remedy 9.8.htm
2020 NUKEPROOF Dessent 275,250.0,75.0,200.0,2.67,3.1,2.3,,http://www.avalanchedownhillracing.com/Bike set ups/2020 Dessent 275.htm
2022 NORCO Sight VLT,210.0,55.0,150.0,2.73,3.25,2.63,19.1,http://www.avalanchedownhillracing.com/Bike set ups/2022 Sight VLT.htm
2019 DEVINCI Spartan 27.5,205.0,65.0,165.0,2.54,3.02,2.23,26.2,http://www.avalanchedownhillracing.com/Bike set ups/2019 Spartan 27.5.htm
2022 ROCKY MOUNTAIN Altitude A30,230.0,60.0,160.0,2.67,3.15,2.02,35.87,http://www.avalanchedownhillracing.com/Bike set ups/2022 Altitude A30.htm
2024 TRANSITION Spire,205.0,65.0,170.0,2.62,3.02,2.36,21.85,http://www.avalanchedownhillracing.com/Bike set ups/2024 Spire.htm
2025 SANTA CRUZ Hightower V4,230.0,57.5,150.0,2.61,3.2,2.3,28.1,http://www.avalanchedownhillracing.com/Bike set ups/2025 Hightower V4.htm
2019 YT Industries Tues CF 27.5,10.5,3.5,210.0,2.36,3.1,1.83,41.0,http://www.avalanchedownhillracing.com/Bike set ups/2019 Tues CF 27.5.htm
2012 KNOLLY Chilcotin,7.875,2.25,151.0,2.64,3.4,2.55,25.0,http://www.avalanchedownhillracing.com/Bike set ups/2012 Chilcotin.htm
2018 INTENSE RECLUSE,7.875,2.25,140.0,2.45,2.4,2.05,14.6,http://www.avalanchedownhillracing.com/Bike set ups/2018 RECLUSE.htm
2023 BANSHEE Titan V3.2,205.0,65.0,155.0,2.38,2.97,2.20,25.93,http://www.avalanchedownhillracing.com/Bike set ups/2023 Titan V3.2.htm
2022 DEVIATE Highlander 150,210.0,55.0,150.0,2.73,2.97,2.05,31.0,http://www.avalanchedownhillracing.com/Bike set ups/2022 Highlander 150.htm
2016 PIVOT Mach 429,7.25,1.75,114.0,2.56,3.0,2.5,16.67,http://www.avalanchedownhillracing.com/Bike set ups/2016 Mach 429.htm
2020 SUR-RON Light Bee X,10.5,3.5,210.0,2.36,3.1,2.2,29.0,http://www.avalanchedownhillracing.com/Bike set ups/2020 Light Bee X.htm
2022 CANNONDALE Moterra Neo Se,230.0,60.0,150.0,2.5,2.6,2.4,7.7,http://www.avalanchedownhillracing.com/Bike set ups/2022 Moterra Neo Se.htm
2008 IRON HORSE Sunday,9.5,3.0,203.0,2.66,3.2,2.65,,http://www.avalanchedownhillracing.com/Bike set ups/2008 Sunday.htm
2021 COMMENCAL Meta Power SX,230.0,65.0,165.0,2.54,2.82,2.3,18.4,http://www.avalanchedownhillracing.com/Bike set ups/2021 Meta Power SX.htm
2021 STARLING Murmur V2,210.0,55.0,140.0,2.55,2.50,2.60,4.0,http://www.avalanchedownhillracing.com/Bike set ups/2021 Murmur V2.htm
2020 IBIS Ripmo V2 AF,210.0,55.0,147.3,2.68,3.15,2.52,,http://www.avalanchedownhillracing.com/Bike set ups/2020 Ripmo V2 AF.htm
2019 CANYON  Strive,230.0,60.0,150.0,2.5,3.1,2.23,28.1,http://www.avalanchedownhillracing.com/Bike set ups/2019 Strive.htm
2002 SANTA CRUZ Heckler,200.0,57.0,143.0,2.51,2.5,2.5,0.0,http://www.avalanchedownhillracing.com/Bike set ups/2002 Heckler.htm
2021 SPECIALIZED Stumpjumper Evo WRP Cc,210.0,55.0,158.0,2.87,3.51,2.61,25.64,http://www.avalanchedownhillracing.com/Bike set ups/2021 Stumpjumper Evo WRP Cc.htm
2017 SPECIALIZED Demo 8,9.5,3.0,200.0,2.62,2.9,2.55,,http://www.avalanchedownhillracing.com/Bike set ups/2017 Demo 8.htm
2025 BIRD AM 160,230.0,65.0,160.0,2.46,2.76,2.2,20.29,http://www.avalanchedownhillracing.com/Bike set ups/2025 AM 160.htm
2020 SCOTT Gambler,225.0,75.0,200.0,2.67,3.32,2.3,30.7,http://www.avalanchedownhillracing.com/Bike set ups/2020 Gambler.htm
2020 SANTA CRUZ Tallboy V4 Cascade,190.0,45.0,128.0,2.84,3.4,2.33,31.5,http://www.avalanchedownhillracing.com/Bike set ups/2020 Tallboy V4 Cascade.htm
2018 TRANSITION Smuggler GX C Cascade,210.0,55.0,140.0,2.55,2.8,2.2,21.4,http://www.avalanchedownhillracing.com/Bike set ups/2018 Smuggler GX C Cascade.htm
2023 VAMPIRE Fastarossa 160,230.0,65.0,160.0,2.46,2.7,2.19,18.9,http://www.avalanchedownhillracing.com/Bike set ups/2023 Fastarossa 160.htm
2023 DEVINCI E-Spartan,230.0,65.0,170.0,2.62,SAG POINT LEVERAGE,PROGRESSION %,,http://www.avalanchedownhillracing.com/Bike set ups/2023 E-Spartan.htm
2021 GIANT Trance X 29,185.0,55.0,135.0,2.45,2.85,2.3,19.3,http://www.avalanchedownhillracing.com/Bike set ups/2021 Trance X 29.htm
2022 IBIS Ripley V4S,190.0,45.0,120.0,2.67,2.9,2.52,13.1,http://www.avalanchedownhillracing.com/Bike set ups/2022 Ripley V4S.htm
2016 YETI SB4.5C,7.5,2.0,130.0,2.55,2.3,2.25,2.2,http://www.avalanchedownhillracing.com/Bike set ups/2016 SB4.5C.htm
2022 DEVIATE Highlander 163,210.0,60.0,163.0,2.72,2.97,1.95,34.34,http://www.avalanchedownhillracing.com/Bike set ups/2022 Highlander 163.htm
2021 NUKEPROOF Dessent 275,250.0,75.0,200.0,2.67,3.1,2.3,,http://www.avalanchedownhillracing.com/Bike set ups/2021 Dessent 275.htm
2015 SPECIALIZED Enduro Evo,8.75,2.5,180.0,2.83,3.2,2.85,10.94,http://www.avalanchedownhillracing.com/Bike set ups/2015 Enduro Evo.htm
2022 SANTA CRUZ BRONSON V4,230.0,60.0,150.0,2.5,2.95,2.25,23.7,http://www.avalanchedownhillracing.com/Bike set ups/2022 BRONSON V4.htm
2013 CANFIELD Jedi,8.75,2.75,210.0,3.01,3.95,2.85,27.85,http://www.avalanchedownhillracing.com/Bike set ups/2013 Jedi.htm
2020 PIVOT Mach 4 SL,190.0,40.0,103.0,2.58,2.67,2.47,7.5,http://www.avalanchedownhillracing.com/Bike set ups/2020 Mach 4 SL.htm
2020 TRANSITION Patrol Carbon Cascade,205.0,65.0,168.0,2.58,2.98,2.25,24.5,http://www.avalanchedownhillracing.com/Bike set ups/2020 Patrol Carbon Cascade.htm
2015 TREK Session  9.8 Park,8.5,2.5,190.0,2.99,3.50,2.67,23.7,http://www.avalanchedownhillracing.com/Bike set ups/2015 Session  9.8 Park.htm
2025 MARIN Rift Zone 27.5,210.0,55.0,130.0,2.36,2.98,2.33,21.8,http://www.avalanchedownhillracing.com/Bike set ups/2025 Rift Zone 27.5.htm
2023 COMMENCAL FRS,250.0,75.0,200.0,2.67,3.5,2.2,37.1,http://www.avalanchedownhillracing.com/Bike set ups/2023 FRS.htm
2024 Ari Superior Peak,250.0,75.0,200.0,2.67,3.1,2.35,24.2,http://www.avalanchedownhillracing.com/Bike set ups/2024 Superior Peak.htm
2020 CANFIELD Balance,230.0,65.0,169.0,2.6,2.9,2.4,17.2,http://www.avalanchedownhillracing.com/Bike set ups/2020 Balance.htm
2020 KNOLLY Chilcotin,7.875,2.25,151.0,2.64,SAG POINT LEVERAGE,PROGRESSION %,25.0,http://www.avalanchedownhillracing.com/Bike set ups/2020 Chilcotin.htm
2022 SANTA CRUZ BRONSON V4 Cascade LT,230.0,65.0,180.0,2.77,3.52,2.0,43.2,http://www.avalanchedownhillracing.com/Bike set ups/2022 BRONSON V4 Cascade LT.htm
2021 ORBEA Rise 65 mm,210.0,65.0,163.0,2.51,2.9,2.2,24.1,http://www.avalanchedownhillracing.com/Bike set ups/2021 Rise 65 mm.htm
2023 CHROMAG Lowdown,205.0,60.0,158.0,2.63,3.15,2.25,28.6,http://www.avalanchedownhillracing.com/Bike set ups/2023 Lowdown.htm
2024 PIVOT Shuttle AM,185.0,55.0,148.0,2.69,3.1,2.0,35.5,http://www.avalanchedownhillracing.com/Bike set ups/2024 Shuttle AM.htm
2018 TRANSITION Sentinel V1 Alloy,205.0,57.5,140.0,2.43,2.5,2.3,8.0,http://www.avalanchedownhillracing.com/Bike set ups/2018 Sentinel V1 Alloy.htm
2020 SANTA CRUZ Heckler 8 Cc,230.0,65.0,165.0,2.54,3.55,2.32,,http://www.avalanchedownhillracing.com/Bike set ups/2020 Heckler 8 Cc.htm
2022 TRANSITION Patrol Carbon GX Cc180,205.0,65.0,180.0,2.77,3.37,2.45,27.3,http://www.avalanchedownhillracing.com/Bike set ups/2022 Patrol Carbon GX Cc180.htm
2019 SANTA CRUZ MEGATOWER Cascade LT,230.0,65.0,180.0,2.77,3.5,1.9,45.71,http://www.avalanchedownhillracing.com/Bike set ups/2019 MEGATOWER Cascade LT.htm
2019 SANTA CRUZ MEGATOWER 63 mm,230.0,63.0,170.0,2.7,3.35,2.33,30.45,http://www.avalanchedownhillracing.com/Bike set ups/2019 MEGATOWER 63 mm.htm
2024 RAAW Madonna V3 65 Rocker,205.0,65.0,160.0,2.46,2.78,2.15,,http://www.avalanchedownhillracing.com/Bike set ups/2024 Madonna V3 65 Rocker.htm
2023 GIANT Trance X Advanved E+,185.0,52.5,140.0,2.67,2.96,2.3,22.3,http://www.avalanchedownhillracing.com/Bike set ups/2023 Trance X Advanved E+.htm
2020 GT Bikes Fury Team Carbon 29,225.0,75.0,190.0,2.53,2.7,2.28,15.56,http://www.avalanchedownhillracing.com/Bike set ups/2020 Fury Team Carbon 29.htm
2022 ROCKY MOUNTAIN Altitude C50 Small,210.0,55.0,160.0,2.91,3.45,2.27,34.2,http://www.avalanchedownhillracing.com/Bike set ups/2022 Altitude C50 Small.htm
2022 ROCKY MOUNTAIN Altitude C50,230.0,60.0,160.0,2.67,3.15,2.02,35.87,http://www.avalanchedownhillracing.com/Bike set ups/2022 Altitude C50.htm
2015 SALSA Bucksaw,7.25,1.75,100.0,2.25,2.07,2.28,10.1,http://www.avalanchedownhillracing.com/Bike set ups/2015 Bucksaw.htm
2022 RAAW Madonna V2,205.0,60.0,160.0,2.67,2.95,2.38,19.3,http://www.avalanchedownhillracing.com/Bike set ups/2022 Madonna V2.htm
2021 TRANSITION Spire Cascade,205.0,65.0,180.0,2.77,3.38,2.4,29.0,http://www.avalanchedownhillracing.com/Bike set ups/2021 Spire Cascade.htm
2022 TREK Top Fuel AL,185.0,50.0,120.0,2.4,SAG POINT LEVERAGE,PROGRESSION %,,http://www.avalanchedownhillracing.com/Bike set ups/2022 Top Fuel AL.htm
2017 SANTA CRUZ Hightower LT,200.0,57.0,150.0,2.62,2.63,2.42,7.98,http://www.avalanchedownhillracing.com/Bike set ups/2017 Hightower LT.htm
2024 GIANT Trance X Advanced SX,185.0,55.0,145.0,2.64,3.02,2.45,18.87,http://www.avalanchedownhillracing.com/Bike set ups/2024 Trance X Advanced SX.htm
2023 VITUS Sommet 297 CRS,205.0,65.0,170.0,2.62,3.02,2.23,26.2,http://www.avalanchedownhillracing.com/Bike set ups/2023 Sommet 297 CRS.htm
2023 TRANSITION Smuggler GX,210.0,50.0,130.0,2.6,3.14,2.28,,http://www.avalanchedownhillracing.com/Bike set ups/2023 Smuggler GX.htm
2024 KNOLLY Chilcotin 155,205.0,60.0,155.0,2.58,3.1,2.48,20.0,http://www.avalanchedownhillracing.com/Bike set ups/2024 Chilcotin 155.htm
2019 HAIBIKE XDURO Nduro 3.0,225.0,75.0,180.0,2.4,2.72,2.22,18.4,http://www.avalanchedownhillracing.com/Bike set ups/2019 XDURO Nduro 3.0.htm
2020 YETI SB130 LR,210.0,55.0,137.0,2.49,2.62,2.24,14.5,http://www.avalanchedownhillracing.com/Bike set ups/2020 SB130 LR.htm
2026 SANTA CRUZ Vala 1,205.0,65.0,150.0,2.31,SAG POINT LEVERAGE,PROGRESSION %,,http://www.avalanchedownhillracing.com/Bike set ups/2026 Vala 1.htm
2019 YT Industries Decoy Pro Race,230.0,65.0,165.0,2.54,3.1,2.1,32.3,http://www.avalanchedownhillracing.com/Bike set ups/2019 Decoy Pro Race.htm
2020 IBIS Ripmo V2 Cascade,210.0,55.0,151.0,2.75,3.55,2.4,,http://www.avalanchedownhillracing.com/Bike set ups/2020 Ripmo V2 Cascade.htm
2019 SPECIALIZED Stumpjumper 27.5 Cc,210.0,52.5,160.0,3.05,3.37,2.63,,http://www.avalanchedownhillracing.com/Bike set ups/2019 Stumpjumper 27.5 Cc.htm
2022 NUKEPROOF MEGA 290,230.0,62.5,160.0,2.56,2.90,2.39,17.6,http://www.avalanchedownhillracing.com/Bike set ups/2022 MEGA 290.htm
2023 GT Bikes Sensor Carbon,185.0,55.0,140.0,2.55,2.8,2.3,17.9,http://www.avalanchedownhillracing.com/Bike set ups/2023 Sensor Carbon.htm
2020 INTENSE Primer 29 55mm,210.0,55.0,151.0,2.75,2.94,2.03,30.95,http://www.avalanchedownhillracing.com/Bike set ups/2020 Primer 29 55mm.htm
2021 YETI SB150,230.0,60.0,150.0,2.5,2.68,2.2,17.9,http://www.avalanchedownhillracing.com/Bike set ups/2021 SB150.htm
2023 ORBEA Rise Cc 63 mm,212.0,63.0,168.0,2.67,3.3,2.30,30.3,http://www.avalanchedownhillracing.com/Bike set ups/2023 Rise Cc 63 mm.htm
2016 INTENSE Spider 275C,200.0,51.0,130.0,2.55,2.4,2.3,4.17,http://www.avalanchedownhillracing.com/Bike set ups/2016 Spider 275C.htm
2021 VITUS Sommet CRS 29,205.0,62.5,162.0,2.59,2.96,2.32,21.6,http://www.avalanchedownhillracing.com/Bike set ups/2021 Sommet CRS 29.htm
2022 SPECIALIZED Stumpjumper Evo Alloy,210.0,55.0,150.0,2.73,3.13,2.48,20.8,http://www.avalanchedownhillracing.com/Bike set ups/2022 Stumpjumper Evo Alloy.htm
2021 SPECIALIZED Stumpjumper Evo Cc,210.0,55.0,158.0,2.87,3.43,2.53,26.24,http://www.avalanchedownhillracing.com/Bike set ups/2021 Stumpjumper Evo Cc.htm
2022 ROCKY MOUNTAIN ELEMENT,190.0,45.0,120.0,2.67,3.0,2.35,21.7,http://www.avalanchedownhillracing.com/Bike set ups/2022 ELEMENT.htm
2016 TURNER DHR,9.5,3.0,210.8,2.77,3.8,2.4,36.84,http://www.avalanchedownhillracing.com/Bike set ups/2016 DHR.htm
2023 HOPE HB916,205.0,65.0,170.0,2.62,2.9,2.14,26.2,http://www.avalanchedownhillracing.com/Bike set ups/2023 HB916.htm
2022 SANTA CRUZ MEGATOWER 2,230.0,62.5,165.0,2.64,3.1,2.2,29.0,http://www.avalanchedownhillracing.com/Bike set ups/2022 MEGATOWER 2.htm
2022 DEVIATE Claymore,230.0,60.0,165.0,2.75,2.97,2.3,22.6,http://www.avalanchedownhillracing.com/Bike set ups/2022 Claymore.htm
2021 FORBIDDEN Druid Cascade,210.0,55.0,142.0,2.58,3.08,2.15,30.2,http://www.avalanchedownhillracing.com/Bike set ups/2021 Druid Cascade.htm
2022 YT Industries Decoy Core 4,230.0,65.0,165.0,2.54,3.1,2.05,33.87,http://www.avalanchedownhillracing.com/Bike set ups/2022 Decoy Core 4.htm
2020 IBIS Ripmo V2 CF,210.0,55.0,147.3,2.68,3.15,2.52,,http://www.avalanchedownhillracing.com/Bike set ups/2020 Ripmo V2 CF.htm
2023 SANTA CRUZ Heckler SL,210.0,55.0,150.0,2.73,3.25,2.3,29.23,http://www.avalanchedownhillracing.com/Bike set ups/2023 Heckler SL.htm
2003 COVE G-Spot,200.0,51.0,152.0,2.98,3.2,2.4,25.0,http://www.avalanchedownhillracing.com/Bike set ups/2003 G-Spot.htm
2015 SCOTT Gambler,10.5,3.5,210.0,2.36,2.69,2.15,20.1,http://www.avalanchedownhillracing.com/Bike set ups/2015 Gambler.htm
2005 SANTA CRUZ VP10.2,8.75,2.75,255.0,3.65,SAG POINT LEVERAGE,PROGRESSION %,,http://www.avalanchedownhillracing.com/Bike set ups/2005 VP10.2.htm
2021 GIANT Reign 29 2,205.0,60.0,146.0,2.43,2.87,2.28,20.6,http://www.avalanchedownhillracing.com/Bike set ups/2021 Reign 29 2.htm
2023 ROCKY MOUNTAIN Slayer,230.0,65.0,180.0,2.77,3.03,2.18,28.1,http://www.avalanchedownhillracing.com/Bike set ups/2023 Slayer.htm
2022 TRANSITION Patrol Carbon GX Cc170,205.0,60.0,170.0,2.83,3.37,2.46,27.0,http://www.avalanchedownhillracing.com/Bike set ups/2022 Patrol Carbon GX Cc170.htm
2021 BANSHEE Legend 29,9.5,3.0,195.0,2.57,3.65,2.6,,http://www.avalanchedownhillracing.com/Bike set ups/2021 Legend 29.htm
2022 CANYON TORQUE CF 29er,250.0,70.0,170.0,2.43,3.1,2.18,29.7,http://www.avalanchedownhillracing.com/Bike set ups/2022 TORQUE CF 29er.htm
2018 KONA Process 153 G2,205.0,60.0,153.0,2.55,2.7,2.35,13.0,http://www.avalanchedownhillracing.com/Bike set ups/2018 Process 153 G2.htm
2025 Archibald Cycles AC1,230.0,65.0,173.0,2.66,3.38,2.07,,http://www.avalanchedownhillracing.com/Bike set ups/2025 AC1.htm
2022 NORCO Range WRP Enduro,205.0,65.0,183.0,2.82,3.24,2.6,19.8,http://www.avalanchedownhillracing.com/Bike set ups/2022 Range WRP Enduro.htm
2022 TORA CYCLES EVH,250.0,75.0,201.0,2.68,3.25,1.87,42.5,http://www.avalanchedownhillracing.com/Bike set ups/2022 EVH.htm
2023 VAMPIRE Fastarossa 140,238.0,80.0,180.0,2.25,2.7,2.19,18.9,http://www.avalanchedownhillracing.com/Bike set ups/2023 Fastarossa 140.htm
2020 PIVOT Firebird 29,205.0,60.0,162.0,2.7,3.3,2.1,36.4,http://www.avalanchedownhillracing.com/Bike set ups/2020 Firebird 29.htm
2024 ZERODE G3,250.0,75.0,200.0,2.67,3.3,2.38,27.9,http://www.avalanchedownhillracing.com/Bike set ups/2024 G3.htm
2025 CRESTLINE RS 181,205.0,65.0,181.0,2.78,3.21,2.24,30.2,http://www.avalanchedownhillracing.com/Bike set ups/2025 RS 181.htm
2023 ROCKY MOUNTAIN Instinct Pp Carbon,210.0,55.0,146.0,2.65,3.05,2.00,,http://www.avalanchedownhillracing.com/Bike set ups/2023 Instinct Pp Carbon.htm
2024 TRANSITION Sentinel V3 carbon,205.0,60.0,160.0,2.46,2.85,2.17,23.9,http://www.avalanchedownhillracing.com/Bike set ups/2024 Sentinel V3 carbon.htm
2019 EVIL BIKES WRECKONING LB,8.5,2.5,161.0,2.54,3.1,2.3,25.8,http://www.avalanchedownhillracing.com/Bike set ups/2019 WRECKONING LB.htm
2024 TREK Slash Gen 6,205.0,65.0,170.0,2.62,3.01,2.41,19.9,http://www.avalanchedownhillracing.com/Bike set ups/2024 Slash Gen 6.htm
2021 YETI SB140,210.0,55.0,140.0,2.67,2.68,2.32,13.43,http://www.avalanchedownhillracing.com/Bike set ups/2021 SB140.htm
2020 NUKEPROOF Dessent 290,250.0,70.0,190.0,2.71,3.1,2.3,,http://www.avalanchedownhillracing.com/Bike set ups/2020 Dessent 290.htm
2015 SANTA CRUZ V10.6 carbon,8.75,2.75,216.0,3.09,4.2,2.5,40.5,http://www.avalanchedownhillracing.com/Bike set ups/2015 V10.6 carbon.htm
2021 Guerrilla Gravity Megatrail,230.0,65.0,165.0,2.54,2.9,2.25,,http://www.avalanchedownhillracing.com/Bike set ups/2021 Megatrail.htm
2021 SPECIALIZED Stumpjumper Evo WRP,210.0,55.0,150.0,2.73,3.25,2.57,20.9,http://www.avalanchedownhillracing.com/Bike set ups/2021 Stumpjumper Evo WRP.htm
2021 TREK Rail 9.5 60 mm,230.0,60.0,156.0,2.6,2.9,2.39,17.6,http://www.avalanchedownhillracing.com/Bike set ups/2021 Rail 9.5 60 mm.htm
2020 CARBONDA FM1002,205.0,60.0,150.0,2.5,2.74,2.51,8.4,http://www.avalanchedownhillracing.com/Bike set ups/2020 FM1002.htm
2009 SANTA CRUZ Tallboy V1,6.5,1.5,100.0,2.63,3.18,2.33,26.7,http://www.avalanchedownhillracing.com/Bike set ups/2009 Tallboy V1.htm
2016 GIANT Glory Advanced,9.5,3.0,205.0,2.69,3.45,2.45,29.0,http://www.avalanchedownhillracing.com/Bike set ups/2016 Glory Advanced.htm
2023 FOES Mixer,230.0,65.0,165.0,2.54,3.13,2.58,17.6,http://www.avalanchedownhillracing.com/Bike set ups/2023 Mixer.htm
2023 GUERILLA GRAVITY Shred Dogg,210.0,55.0,140.0,2.55,2.7,2.1,22.2,http://www.avalanchedownhillracing.com/Bike set ups/2023 Shred Dogg.htm
2021 VITUS Escarpe 29 CR,205.0,60.0,140.0,2.33,2.75,2.12,22.9,http://www.avalanchedownhillracing.com/Bike set ups/2021 Escarpe 29 CR.htm
2020 IDENTITI Mettle MK2 V2,230.0,60.0,160.0,2.67,2.85,2.40,15.79,http://www.avalanchedownhillracing.com/Bike set ups/2020 Mettle MK2 V2.htm
2020 KONA Process 134 Cr,185.0,55.0,134.0,2.44,2.50,2.24,10.4,http://www.avalanchedownhillracing.com/Bike set ups/2020 Process 134 Cr.htm
2020 BANSHEE Phantom V3,185.0,50.0,115.0,2.3,2.625,2.225,15.2,http://www.avalanchedownhillracing.com/Bike set ups/2020 Phantom V3.htm
2017 COMMENCAL Meta 4.2 V4,230.0,60.0,160.0,2.67,3.05,2.58,15.4,http://www.avalanchedownhillracing.com/Bike set ups/2017 Meta 4.2 V4.htm
2023 TRANSITION Relay Carbon PNW,205.0,65.0,170.0,2.62,2.98,2.2,,http://www.avalanchedownhillracing.com/Bike set ups/2023 Relay Carbon PNW.htm
2022 NORCO Range WRP DH,225.0,75.0,206.0,2.75,3.24,2.45,24.4,http://www.avalanchedownhillracing.com/Bike set ups/2022 Range WRP DH.htm
2017 Guerrilla Gravity Megatrail,230.0,65.0,165.0,2.54,2.77,2.32,,http://www.avalanchedownhillracing.com/Bike set ups/2017 Megatrail.htm
2023 YETI SB160,230.0,65.0,160.0,2.46,2.62,2.17,17.2,http://www.avalanchedownhillracing.com/Bike set ups/2023 SB160.htm
2025 TRANSITION Ripcord 45 mm,165.0,45.0,137.0,3.04,3.5,2.75,21.43,http://www.avalanchedownhillracing.com/Bike set ups/2025 Ripcord 45 mm.htm
2024 TRANSITION Scout,205.0,57.5,150.0,2.61,3.17,2.26,28.7,http://www.avalanchedownhillracing.com/Bike set ups/2024 Scout.htm
2013 SANTA CRUZ V10.5 carbon,9.5,3.0,216.0,2.84,SAG POINT LEVERAGE,PROGRESSION %,,http://www.avalanchedownhillracing.com/Bike set ups/2013 V10.5 carbon.htm
2021 Pole Stamina 160,230.0,65.0,160.0,2.46,3.0,2.2,26.67,http://www.avalanchedownhillracing.com/Bike set ups/2021 Stamina 160.htm
2017 MONDRAKER Summum,8.75,2.75,205.0,2.93,3.4,2.5,26.5,http://www.avalanchedownhillracing.com/Bike set ups/2017 Summum.htm
2018 TRANSITION Smuggler GX,210.0,50.0,120.0,2.4,2.5,2.25,10.0,http://www.avalanchedownhillracing.com/Bike set ups/2018 Smuggler GX.htm
2020 NUKEPROOF MEGA V3,230.0,65.0,165.0,2.54,2.6,2.15,17.3,http://www.avalanchedownhillracing.com/Bike set ups/2020 MEGA V3.htm
2011 MONDRAKER Summum,9.5,3.0,205.0,2.69,3.15,2.25,28.6,http://www.avalanchedownhillracing.com/Bike set ups/2011 Summum.htm
2014 YETI SB66,8.5,2.5,152.0,2.39,2.38,2.34,1.7,http://www.avalanchedownhillracing.com/Bike set ups/2014 SB66.htm
2023 COMMENCAL Meta V5,210.0,55.0,150.0,2.73,3.02,2.2,27.2,http://www.avalanchedownhillracing.com/Bike set ups/2023 Meta V5.htm
2020 GUERILLA GRAVITY Trail Pistol,210.0,50.0,120.0,2.4,2.7,2.2,18.5,http://www.avalanchedownhillracing.com/Bike set ups/2020 Trail Pistol.htm
2018 TRANSITION Sentinel V1,205.0,57.5,140.0,2.43,2.5,2.3,8.0,http://www.avalanchedownhillracing.com/Bike set ups/2018 Sentinel V1.htm
2021 SPECIALIZED EPIC EVO,190.0,40.0,110.0,2.75,2.95,2.65,10.2,http://www.avalanchedownhillracing.com/Bike set ups/2021 EPIC EVO.htm
2023 TRANSITION Relay Carbon 160,205.0,60.0,160.0,2.67,2.98,2.23,,http://www.avalanchedownhillracing.com/Bike set ups/2023 Relay Carbon 160.htm
2020 MONDRAKER SuperFoxy RR,205.0,65.0,160.0,2.46,2.9,2.15,25.86,http://www.avalanchedownhillracing.com/Bike set ups/2020 SuperFoxy RR.htm
2021 SPECIALIZED Stumpy Evo Alloy Cc,210.0,55.0,158.0,2.87,3.43,2.53,26.24,http://www.avalanchedownhillracing.com/Bike set ups/2021 Stumpy Evo Alloy Cc.htm
2023 TREK Fuel EXE,205.0,60.0,140.0,2.33,2.6,2.17,16.5,http://www.avalanchedownhillracing.com/Bike set ups/2023 Fuel EXE.htm
2022 SPECIALIZED Turbo Levo Alloy,210.0,55.0,150.0,2.73,3.09,2.41,22.0,http://www.avalanchedownhillracing.com/Bike set ups/2022 Turbo Levo Alloy.htm
2022 MONDRAKER DUST rr,205.0,65.0,150.0,2.31,2.7,1.98,26.7,http://www.avalanchedownhillracing.com/Bike set ups/2022 DUST rr.htm
2023 ROCKY MOUNTAIN Slayer Park,230.0,65.0,180.0,2.77,3.03,2.18,28.1,http://www.avalanchedownhillracing.com/Bike set ups/2023 Slayer Park.htm
2025 SPECIALIZED Status 2 170,230.0,62.5,170.0,2.72,3.15,2.4,23.81,http://www.avalanchedownhillracing.com/Bike set ups/2025 Status 2 170.htm
2016 BANSHEE Spitfire V2,200.0,57.0,140.0,2.46,2.92,2.24,23.3,http://www.avalanchedownhillracing.com/Bike set ups/2016 Spitfire V2.htm
2024 GT Bikes Fury Carbon,225.0,75.0,205.0,2.73,3.35,2.4,,http://www.avalanchedownhillracing.com/Bike set ups/2024 Fury Carbon.htm
2024 CANYON TORQUE On CF,225.0,70.0,175.0,2.5,3.2,2.18,31.9,http://www.avalanchedownhillracing.com/Bike set ups/2024 TORQUE On CF.htm
2024 NORCO Sight Youth 27.5,185.0,50.0,150.0,3.0,3.4,2.78,18.24,http://www.avalanchedownhillracing.com/Bike set ups/2024 Sight Youth 27.5.htm
2020 SPECIALIZED Demo Expert,225.0,75.0,200.0,2.67,3.2,2.2,31.2,http://www.avalanchedownhillracing.com/Bike set ups/2020 Demo Expert.htm
2019 SPECIALIZED Stumpjumper 29 Cc,210.0,50.0,145.0,2.9,3.37,2.63,,http://www.avalanchedownhillracing.com/Bike set ups/2019 Stumpjumper 29 Cc.htm
2021 TRANSITION TR11 V3 Alloy,250.0,75.0,200.0,2.67,2.96,1.94,34.46,http://www.avalanchedownhillracing.com/Bike set ups/2021 TR11 V3 Alloy.htm
2022 YT Industries Decoy 29 Core 4,230.0,60.0,145.0,2.42,3.1,2.1,32.3,http://www.avalanchedownhillracing.com/Bike set ups/2022 Decoy 29 Core 4.htm
2025 TRINITY The Gravity,225.0,75.0,200.0,2.67,3.22,2.25,30.12,http://www.avalanchedownhillracing.com/Bike set ups/2025 The Gravity.htm
2023 PIVOT Mach 6,205.0,65.0,158.0,2.43,3.15,2.25,28.6,http://www.avalanchedownhillracing.com/Bike set ups/2023 Mach 6.htm
2021 TRANSITION Sentinel V2 Carbon,205.0,62.5,150.0,2.4,2.85,2.13,25.3,http://www.avalanchedownhillracing.com/Bike set ups/2021 Sentinel V2 Carbon.htm
2021 KNOLLY Chilcotin 167,205.0,65.0,167.0,2.57,3.35,2.35,29.9,http://www.avalanchedownhillracing.com/Bike set ups/2021 Chilcotin 167.htm
2017 NINER Rip 9 RDO V2,8.5,2.5,150.0,2.36,SAG POINT LEVERAGE,PROGRESSION %,,http://www.avalanchedownhillracing.com/Bike set ups/2017 Rip 9 RDO V2.htm
2020 SCOTT RANSOM 920,205.0,65.0,170.0,2.62,3.0,2.3,23.3,http://www.avalanchedownhillracing.com/Bike set ups/2020 RANSOM 920.htm
2023 NUKEPROOF MEGAWATT CARBON,230.0,65.0,170.0,2.62,2.96,2.24,24.3,http://www.avalanchedownhillracing.com/Bike set ups/2023 MEGAWATT CARBON.htm
2018 KONA Process 153 G2 Cascade,205.0,60.0,153.0,2.55,3.02,2.33,22.8,http://www.avalanchedownhillracing.com/Bike set ups/2018 Process 153 G2 Cascade.htm
2022 DEVINCI Spartan GX 29,205.0,65.0,160.0,2.46,2.98,2.15,27.9,http://www.avalanchedownhillracing.com/Bike set ups/2022 Spartan GX 29.htm
2022 RAAW Madonna V2 65,205.0,60.0,160.0,2.67,2.65,2.2,17.0,http://www.avalanchedownhillracing.com/Bike set ups/2022 Madonna V2 65.htm
2022 TRANSITION TR11 V3 Alloy,250.0,75.0,205.0,2.73,2.95,1.98,32.9,http://www.avalanchedownhillracing.com/Bike set ups/2022 TR11 V3 Alloy.htm
2014 CANFIELD Jedi,240.0,76.0,228.0,3.0,3.53,2.65,24.93,http://www.avalanchedownhillracing.com/Bike set ups/2014 Jedi.htm
2020 ROCKY MOUNTAIN Slayer,230.0,65.0,170.0,2.62,3.0,2.0,33.3,http://www.avalanchedownhillracing.com/Bike set ups/2020 Slayer.htm
2022 NICOLAI G1 EBOXX,230.0,65.0,160.0,2.46,2.98,2.12,28.9,http://www.avalanchedownhillracing.com/Bike set ups/2022 G1 EBOXX.htm
2019 SANTA CRUZ Tallboy V3,7.25,1.75,110.0,2.47,3.18,2.33,26.7,http://www.avalanchedownhillracing.com/Bike set ups/2019 Tallboy V3.htm
2023 GIANT Trance X Advanced E+,185.0,52.5,140.0,2.67,2.96,2.4,18.92,http://www.avalanchedownhillracing.com/Bike set ups/2023 Trance X Advanced E+.htm
2020 SPECIALIZED Turbo Kenevo Expert,230.0,62.5,180.0,2.88,3.3,2.65,19.7,http://www.avalanchedownhillracing.com/Bike set ups/2020 Turbo Kenevo Expert.htm
2021 KONA Process 153 G3,205.0,60.0,153.0,2.55,2.66,2.29,13.9,http://www.avalanchedownhillracing.com/Bike set ups/2021 Process 153 G3.htm
2022 ORBEA Wild,205.0,65.0,160.0,2.46,2.95,2.28,22.7,http://www.avalanchedownhillracing.com/Bike set ups/2022 Wild.htm
2022 SPECIALIZED Turbo Levo SL CC,210.0,52.5,155.0,2.95,Back to Leverage Curves,2.64,21.9,http://www.avalanchedownhillracing.com/Bike set ups/2022 Turbo Levo SL CC.htm
2025 MARIN Rift Zone 29,210.0,55.0,130.0,2.36,2.98,2.33,21.8,http://www.avalanchedownhillracing.com/Bike set ups/2025 Rift Zone 29.htm
2021 ROCKY MOUNTAIN Instinct Alloy,210.0,55.0,140.0,2.55,3.05,2.32,23.9,http://www.avalanchedownhillracing.com/Bike set ups/2021 Instinct Alloy.htm
2017 SCOTT Voltage 710,9.5,3.0,190.0,2.49,2.85,2.25,21.1,http://www.avalanchedownhillracing.com/Bike set ups/2017 Voltage 710.htm
2020 TRANSITION Sentinel V2 alloy,205.0,62.5,150.0,2.4,2.85,2.13,25.3,http://www.avalanchedownhillracing.com/Bike set ups/2020 Sentinel V2 alloy.htm
2018 EVIL BIKES Calling,185.0,50.0,131.0,2.62,3.3,2.4,27.3,http://www.avalanchedownhillracing.com/Bike set ups/2018 Calling.htm
2022 SPECIALIZED Turbo Levo Carbon,210.0,55.0,150.0,2.73,3.09,2.41,22.0,http://www.avalanchedownhillracing.com/Bike set ups/2022 Turbo Levo Carbon.htm
2021 INTENSE Carbine,230.0,60.0,155.0,2.58,2.7,2.05,24.1,http://www.avalanchedownhillracing.com/Bike set ups/2021 Carbine.htm
2015 BANSHEE Darkside,8.75,2.75,180.0,2.58,3.15,2.45,22.2,http://www.avalanchedownhillracing.com/Bike set ups/2015 Darkside.htm
2021 ORANGE Stage 6 29er,210.0,55.0,150.0,2.73,2.74,2.72,0.7,http://www.avalanchedownhillracing.com/Bike set ups/2021 Stage 6 29er.htm
2020 TRANSITION Patrol Alloy Cascade,205.0,65.0,168.0,2.58,2.98,2.25,24.5,http://www.avalanchedownhillracing.com/Bike set ups/2020 Patrol Alloy Cascade.htm
2023 VITUS E-Sommet VRS,205.0,65.0,167.0,2.57,3.02,2.23,26.2,http://www.avalanchedownhillracing.com/Bike set ups/2023 E-Sommet VRS.htm
2021 YT Industries Capra 29,230.0,65.0,170.0,2.62,3.2,2.13,33.44,http://www.avalanchedownhillracing.com/Bike set ups/2021 Capra 29.htm
2022 SANTA CRUZ 5010 V4cascade link LT,210.0,55.0,150.0,2.73,3.35,2.3,31.3,http://www.avalanchedownhillracing.com/Bike set ups/2022 5010 V4cascade link LT.htm
2018 IBIS Mojo HD4,7.875,2.25,153.0,2.68,2.85,2.68,6.0,http://www.avalanchedownhillracing.com/Bike set ups/2018 Mojo HD4.htm
2019 Pole Evolink 1.4,210.0,55.0,144.0,2.62,3.11,2.33,25.1,http://www.avalanchedownhillracing.com/Bike set ups/2019 Evolink 1.4.htm
2016 INTENSE M16,9.5,3.0,216.0,2.84,3.55,2.5,29.6,http://www.avalanchedownhillracing.com/Bike set ups/2016 M16.htm
2022 NS BIKES Fuzz 29,225.0,75.0,190.0,2.53,2.94,2.26,23.1,http://www.avalanchedownhillracing.com/Bike set ups/2022 Fuzz 29.htm
2022 ROCKY MOUNTAIN Instinct Alloy 55,210.0,55.0,146.0,2.65,3.05,2.00,34.43,http://www.avalanchedownhillracing.com/Bike set ups/2022 Instinct Alloy 55.htm
2017 ROCKY MOUNTAIN Slayer,230.0,65.0,165.0,2.54,2.95,2.10,28.81,http://www.avalanchedownhillracing.com/Bike set ups/2017 Slayer.htm
2014 PIVOT Phoenix V1,9.5,3.0,204.0,2.68,3.5,2.42,30.86,http://www.avalanchedownhillracing.com/Bike set ups/2014 Phoenix V1.htm
2019 SANTA CRUZ V10.7 Carbon,250.0,75.0,215.0,2.87,3.77,2.36,37.4,http://www.avalanchedownhillracing.com/Bike set ups/2019 V10.7 Carbon.htm
2022 SANTA CRUZ Heckler 9,210.0,55.0,150.0,2.73,3.25,2.3,,http://www.avalanchedownhillracing.com/Bike set ups/2022 Heckler 9.htm
2022 YETI SB130 Cascade,210.0,55.0,139.0,2.53,2.75,2.06,25.1,http://www.avalanchedownhillracing.com/Bike set ups/2022 SB130 Cascade.htm
2022 YT Industries Tues CF 27.5,10.5,3.5,200.0,2.25,3.1,1.83,41.0,http://www.avalanchedownhillracing.com/Bike set ups/2022 Tues CF 27.5.htm
2020 ESKER Elkat 162,230.0,65.0,162.0,2.49,2.65,2.10,20.75,http://www.avalanchedownhillracing.com/Bike set ups/2020 Elkat 162.htm
2025 SANTA CRUZ Vala 1,205.0,60.0,150.0,2.31,3.08,2.17,,http://www.avalanchedownhillracing.com/Bike set ups/2025 Vala 1.htm
2025 Kavenz VHP16 29,205.0,65.0,160.0,2.46,2.94,2.23,24.1,http://www.avalanchedownhillracing.com/Bike set ups/2025 VHP16 29.htm
2022 COMMENCAL Supreme DH V4,250.0,75.0,200.0,2.67,3.05,2.55,,http://www.avalanchedownhillracing.com/Bike set ups/2022 Supreme DH V4.htm
2023 YETI SB140,210.0,55.0,140.0,2.67,2.68,2.30,14.18,http://www.avalanchedownhillracing.com/Bike set ups/2023 SB140.htm
2018 YT Industries Jeffsy 27.5 CF Pro,230.0,65.0,160.0,2.46,3.23,2.13,34.06,http://www.avalanchedownhillracing.com/Bike set ups/2018 Jeffsy 27.5 CF Pro.htm
2021 EVIL BIKES WRECKONING V3,205.0,65.0,166.0,2.55,3.25,2.3,29.2,http://www.avalanchedownhillracing.com/Bike set ups/2021 WRECKONING V3.htm
2020 VITUS E-Sommet VRS,205.0,65.0,160.0,2.46,2.56,2.43,5.1,http://www.avalanchedownhillracing.com/Bike set ups/2020 E-Sommet VRS.htm
2025 VAMPIRE Fastarossa 220,225.0,75.0,220.0,2.93,3.37,2.55,24.3,http://www.avalanchedownhillracing.com/Bike set ups/2025 Fastarossa 220.htm
2022 SANTA CRUZ Hightower 2 Cascade LT,210.0,55.0,160.0,2.91,3.5,2.26,35.4,http://www.avalanchedownhillracing.com/Bike set ups/2022 Hightower 2 Cascade LT.htm
2021 Spot Mayhem 150,230.0,65.0,150.0,2.31,SAG POINT LEVERAGE,PROGRESSION %,,http://www.avalanchedownhillracing.com/Bike set ups/2021 Mayhem 150.htm
2010 GARY FISHER Superfly 100,6.5,1.5,100.0,2.63,2.55,2.45,3.92,http://www.avalanchedownhillracing.com/Bike set ups/2010 Superfly 100.htm
2020 COMMENCAL Clash,230.0,65.0,170.0,2.62,2.91,2.15,26.1,http://www.avalanchedownhillracing.com/Bike set ups/2020 Clash.htm
2021 GIANT Trance Advanced 29,185.0,52.5,135.0,2.57,3.0,2.54,15.3,http://www.avalanchedownhillracing.com/Bike set ups/2021 Trance Advanced 29.htm
2025 ESKER Howdy,210.0,50.0,125.0,2.5,2.70,2.15,20.37,http://www.avalanchedownhillracing.com/Bike set ups/2025 Howdy.htm
2020 ESKER Rowl,210.0,55.0,140.0,2.55,2.75,2.20,20.0,http://www.avalanchedownhillracing.com/Bike set ups/2020 Rowl.htm
2022 NUKEPROOF Dessent 297,250.0,75.0,200.0,2.67,3.15,2.2,,http://www.avalanchedownhillracing.com/Bike set ups/2022 Dessent 297.htm
2022 SPECIALIZED Turbo Levo Cascade LT,230.0,65.0,165.0,2.54,3.31,2.17,34.4,http://www.avalanchedownhillracing.com/Bike set ups/2022 Turbo Levo Cascade LT.htm
2015 DEVINCI Spartan,8.5,2.5,160.0,2.52,3.04,2.34,23.0,http://www.avalanchedownhillracing.com/Bike set ups/2015 Spartan.htm
2016 FOES Trail Mixer,8.5,2.5,140.0,2.2,SAG POINT LEVERAGE,PROGRESSION %,,http://www.avalanchedownhillracing.com/Bike set ups/2016 Trail Mixer.htm
2020 NORCO Optic C1,190.0,45.0,125.0,2.78,3.08,2.56,,http://www.avalanchedownhillracing.com/Bike set ups/2020 Optic C1.htm
2022 REVEL RAIL 29,230.0,60.0,155.0,2.58,2.9,2.4,17.2,http://www.avalanchedownhillracing.com/Bike set ups/2022 RAIL 29.htm
2022 SPECIALIZED Status 160,230.0,60.0,160.0,2.67,3.1,2.4,22.6,http://www.avalanchedownhillracing.com/Bike set ups/2022 Status 160.htm
2021 Pole Stamina 140,210.0,55.0,140.0,2.55,3.1,2.3,25.81,http://www.avalanchedownhillracing.com/Bike set ups/2021 Stamina 140.htm
2025 TORA EVH,250.0,75.0,200.0,2.67,3.12,1.97,36.9,http://www.avalanchedownhillracing.com/Bike set ups/2025 EVH.htm
2019 Revel Rascal 55mm,210.0,55.0,142.0,2.58,2.96,2.36,20.3,http://www.avalanchedownhillracing.com/Bike set ups/2019 Rascal 55mm.htm
2022 ROCKY MOUNTAIN Instinct Alloy,210.0,52.5,140.0,2.67,3.05,2.09,31.5,http://www.avalanchedownhillracing.com/Bike set ups/2022 Instinct Alloy.htm
2000 SANTA CRUZ SUPER 8,7.875,2.25,203.0,3.55,3.5,3.9,11.4,http://www.avalanchedownhillracing.com/Bike set ups/2000 SUPER 8.htm
2025 COMMENCAL Clash Jr,210.0,55.0,160.0,2.91,3.2,2.45,23.44,http://www.avalanchedownhillracing.com/Bike set ups/2025 Clash Jr.htm
2025 SPECIALIZED Turbo Levo Expert CC,210.0,55.0,160.0,2.91,3.36,2.52,25.0,http://www.avalanchedownhillracing.com/Bike set ups/2025 Turbo Levo Expert CC.htm
2025 TRANSITION Repeater PT,205.0,65.0,170.0,2.62,3.12,2.29,26.6,http://www.avalanchedownhillracing.com/Bike set ups/2025 Repeater PT.htm
2020 COMMENCAL Supreme DH V3,250.0,75.0,200.0,2.67,3.05,2.45,19.67,http://www.avalanchedownhillracing.com/Bike set ups/2020 Supreme DH V3.htm
2020 SPECIALIZED Turbo Levo Expert,210.0,52.5,150.0,2.73,3.16,2.67,15.51,http://www.avalanchedownhillracing.com/Bike set ups/2020 Turbo Levo Expert.htm
2020 ESKER Elkat 150,230.0,60.0,150.0,2.5,2.65,2.16,18.5,http://www.avalanchedownhillracing.com/Bike set ups/2020 Elkat 150.htm
2021 SPECIALIZED Turbo Levo SL,210.0,55.0,150.0,2.73,3.15,2.7,14.29,http://www.avalanchedownhillracing.com/Bike set ups/2021 Turbo Levo SL.htm
2024 GIANT Glory Advanced,225.0,75.0,203.0,2.71,3.3,2.3,30.3,http://www.avalanchedownhillracing.com/Bike set ups/2024 Glory Advanced.htm
2021 NINER WFO E9,205.0,65.0,180.0,2.77,2.88,2.65,8.0,http://www.avalanchedownhillracing.com/Bike set ups/2021 WFO E9.htm
2019 SPECIALIZED Stumpjumper 29,210.0,50.0,140.0,2.8,2.98,2.6,,http://www.avalanchedownhillracing.com/Bike set ups/2019 Stumpjumper 29.htm
2022 YT Industries Capra Pro Core 4,230.0,65.0,170.0,2.62,3.5,2.19,37.4,http://www.avalanchedownhillracing.com/Bike set ups/2022 Capra Pro Core 4.htm
2016 SANTA CRUZ Bronson V2,7.875,2.25,150.0,2.61,2.6,2.5,3.8,http://www.avalanchedownhillracing.com/Bike set ups/2016 Bronson V2.htm
2011 GIANT Glory,8.75,2.75,205.0,2.93,3.85,2.55,33.8,http://www.avalanchedownhillracing.com/Bike set ups/2011 Glory.htm
2004 IRON HORSE SGS World Cup,8.75,2.75,203.0,2.91,3.1,2.7,12.9,http://www.avalanchedownhillracing.com/Bike set ups/2004 SGS World Cup.htm
2022 AIRDROP Filter,185.0,55.0,135.0,2.45,2.65,2.14,19.2,http://www.avalanchedownhillracing.com/Bike set ups/2022 Filter.htm
2022 SANTA CRUZ BRONSON V4 CC ST 65mm,230.0,65.0,170.0,2.62,3.29,2.10,36.17,http://www.avalanchedownhillracing.com/Bike set ups/2022 BRONSON V4 CC ST 65mm.htm
2024 YT Industries Tues MX,250.0,75.0,200.0,2.67,3.3,2.13,35.45,http://www.avalanchedownhillracing.com/Bike set ups/2024 Tues MX.htm
2021 EVIL BIKES Offering V2,185.0,55.0,140.0,2.55,3.04,2.33,23.4,http://www.avalanchedownhillracing.com/Bike set ups/2021 Offering V2.htm
2009 SINISTER F-Bomb,9.0,3.0,200.0,2.62,2.6,2.6,0.0,http://www.avalanchedownhillracing.com/Bike set ups/2009 F-Bomb.htm
2022 CANYON TORQUE CF,250.0,70.0,175.0,2.5,3.2,2.18,31.9,http://www.avalanchedownhillracing.com/Bike set ups/2022 TORQUE CF.htm
2020 CANNONDALE Moterra Neo 2,230.0,65.0,160.0,2.46,2.64,2.3,12.9,http://www.avalanchedownhillracing.com/Bike set ups/2020 Moterra Neo 2.htm
2021 BIRD Aether 9 AL,210.0,55.0,130.0,2.36,2.65,2.1,20.8,http://www.avalanchedownhillracing.com/Bike set ups/2021 Aether 9 AL.htm
2024 Luna X2 Enduro,210.0,55.0,140.0,2.55,3.0,2.3,,http://www.avalanchedownhillracing.com/Bike set ups/2024 X2 Enduro.htm
2018 PIVOT Mach 5.5,200.0,51.0,140.0,2.75,3.15,2.65,15.9,http://www.avalanchedownhillracing.com/Bike set ups/2018 Mach 5.5.htm
2022 SPECIALIZED Turbo Kenevo SL S-W,230.0,62.5,170.0,2.72,3.28,2.47,24.7,http://www.avalanchedownhillracing.com/Bike set ups/2022 Turbo Kenevo SL S-W.htm
2020 NORCO Sight A1,185.0,52.5,150.0,2.86,3.25,2.63,19.1,http://www.avalanchedownhillracing.com/Bike set ups/2020 Sight A1.htm
2023 OPTIBIKE R22 Everest,9.5,3.0,200.0,2.62,4.3,2.3,46.5,http://www.avalanchedownhillracing.com/Bike set ups/2023 R22 Everest.htm
2025 TRANSITION Smuggler Alloy,210.0,50.0,130.0,2.6,3.14,2.28,,http://www.avalanchedownhillracing.com/Bike set ups/2025 Smuggler Alloy.htm
2023 CRESTLINE RS 180,230.0,65.0,175.0,2.69,3.25,2.25,30.8,http://www.avalanchedownhillracing.com/Bike set ups/2023 RS 180.htm
2023 GIANT Reign E Plus,205.0,62.5,160.0,2.56,3.125,2.30,26.4,http://www.avalanchedownhillracing.com/Bike set ups/2023 Reign E Plus.htm
2021 SPECIALIZED Stumpjumper 27.5,210.0,55.0,150.0,2.73,3.13,2.47,,http://www.avalanchedownhillracing.com/Bike set ups/2021 Stumpjumper 27.5.htm
2024 GAMUX Sego,250.0,75.0,200.0,2.67,3.12,2.13,31.7,http://www.avalanchedownhillracing.com/Bike set ups/2024 Sego.htm
2020 SPECIALIZED Turbo Levo Comp,210.0,52.5,150.0,2.73,3.16,2.67,15.51,http://www.avalanchedownhillracing.com/Bike set ups/2020 Turbo Levo Comp.htm
2019 PIVOT Mach 6,8.5,2.5,155.0,2.44,2.88,2.36,18.1,http://www.avalanchedownhillracing.com/Bike set ups/2019 Mach 6.htm
2021 TREK Session 9,250.0,72.5,200.0,2.76,3.30,2.47,25.2,http://www.avalanchedownhillracing.com/Bike set ups/2021 Session 9.htm
2018 BANSHEE Legend 650B,9.5,3.0,205.0,2.7,3.6,2.75,,http://www.avalanchedownhillracing.com/Bike set ups/2018 Legend 650B.htm
2020 SWARF CYCLES 155,205.0,60.0,155.0,2.58,2.85,1.90,33.3,http://www.avalanchedownhillracing.com/Bike set ups/2020 155.htm
2024 Starling Swoop V3,230.0,65.0,160.0,2.46,2.46,2.46,0.0,http://www.avalanchedownhillracing.com/Bike set ups/2024 Swoop V3.htm
2020 GEOMETRON G1 175,230.0,65.0,175.0,2.69,3.41,2.27,,http://www.avalanchedownhillracing.com/Bike set ups/2020 G1 175.htm
2023 SCOTT RANSOM 920 E-Bike,185.0,55.0,160.0,2.91,3.1,2.4,22.6,http://www.avalanchedownhillracing.com/Bike set ups/2023 RANSOM 920 E-Bike.htm
2018 TRANSITION Smuggler GX Cascade,210.0,55.0,140.0,2.55,2.8,2.2,21.4,http://www.avalanchedownhillracing.com/Bike set ups/2018 Smuggler GX Cascade.htm
2020 CANYON TORQUE CF 7.0,250.0,70.0,175.0,2.5,3.16,2.18,31.01,http://www.avalanchedownhillracing.com/Bike set ups/2020 TORQUE CF 7.0.htm
2022 NORCO Sight C2 Cascade,185.0,52.5,155.0,2.95,3.5,2.63,24.9,http://www.avalanchedownhillracing.com/Bike set ups/2022 Sight C2 Cascade.htm
2019 CANYON Sender CF 7.0,240.0,76.0,200.0,2.63,3.3,2.3,30.3,http://www.avalanchedownhillracing.com/Bike set ups/2019 Sender CF 7.0.htm
2018 ORBEA Rallon,230.0,60.0,150.0,2.5,2.6,2.45,5.8,http://www.avalanchedownhillracing.com/Bike set ups/2018 Rallon.htm
2018 PIVOT Mach 5.5 2.25,200.0,57.0,155.0,2.72,3.15,2.65,15.9,http://www.avalanchedownhillracing.com/Bike set ups/2018 Mach 5.5 2.25.htm
2014 ELLSWORTH Ephiphany 275,200.0,51.0,140.0,2.75,2.75,2.75,0.0,http://www.avalanchedownhillracing.com/Bike set ups/2014 Ephiphany 275.htm
2020 TREK Rail 9.9,230.0,57.5,150.0,2.61,2.9,2.4,17.2,http://www.avalanchedownhillracing.com/Bike set ups/2020 Rail 9.9.htm
2012 ROCKY MOUNTAIN SLAYER,7.875,2.25,165.0,2.89,SAG POINT LEVERAGE,PROGRESSION %,,http://www.avalanchedownhillracing.com/Bike set ups/2012 SLAYER.htm
2020 TRANSITION Sentinel V2 alloy xxl,205.0,65.0,155.0,2.38,2.85,2.10,26.3,http://www.avalanchedownhillracing.com/Bike set ups/2020 Sentinel V2 alloy xxl.htm
2021 COMMENCAL Meta TR 29,210.0,55.0,140.0,2.55,2.88,2.43,15.6,http://www.avalanchedownhillracing.com/Bike set ups/2021 Meta TR 29.htm
2020 TRANSITION Scout Alloy,205.0,57.5,140.0,2.43,2.87,2.15,25.1,http://www.avalanchedownhillracing.com/Bike set ups/2020 Scout Alloy.htm
2023 IBIS Oso,205.0,60.0,155.0,2.58,2.95,2.2,,http://www.avalanchedownhillracing.com/Bike set ups/2023 Oso.htm
2019 NINER Rip 9 RDO V3,210.0,55.0,140.0,2.55,SAG POINT LEVERAGE,PROGRESSION %,,http://www.avalanchedownhillracing.com/Bike set ups/2019 Rip 9 RDO V3.htm
2021 YT Industries Izzo Blaze,210.0,55.0,130.0,2.36,2.9,2.05,29.31,http://www.avalanchedownhillracing.com/Bike set ups/2021 Izzo Blaze.htm
2023 SANTA CRUZ NOMAD V6,230.0,65.0,170.0,2.62,3.1,2.25,27.4,http://www.avalanchedownhillracing.com/Bike set ups/2023 NOMAD V6.htm
2020 REVEL RAIL,230.0,65.0,165.0,2.54,2.9,2.4,17.2,http://www.avalanchedownhillracing.com/Bike set ups/2020 RAIL.htm
2022 STANTON Switch9er FS Ti,230.0,65.0,140.0,2.15,2.5,1.5,40.0,http://www.avalanchedownhillracing.com/Bike set ups/2022 Switch9er FS Ti.htm
2022 We Are One Arrival 130,185.0,50.0,130.0,2.6,3.22,2.30,28.57,http://www.avalanchedownhillracing.com/Bike set ups/2022 Arrival 130.htm
2024 CANNONDALE Moterra SL Med,210.0,55.0,142.7,2.59,3.08,2.33,24.35,http://www.avalanchedownhillracing.com/Bike set ups/2024 Moterra SL Med.htm
2018 STARLING Murmur,200.0,57.0,145.0,2.54,2.48,2.58,4.0,http://www.avalanchedownhillracing.com/Bike set ups/2018 Murmur.htm
2023 FOES Ridgeback,185.0,55.0,135.0,2.45,2.3,2.0,13.0,http://www.avalanchedownhillracing.com/Bike set ups/2023 Ridgeback.htm
2023 FEZZARI Timp Peak,230.0,65.0,170.0,2.62,3.1,2.1,32.3,http://www.avalanchedownhillracing.com/Bike set ups/2023 Timp Peak.htm
2022 POLE Voima,250.0,75.0,190.0,2.53,3.03,2.3,24.1,http://www.avalanchedownhillracing.com/Bike set ups/2022 Voima.htm
2022 SANTA CRUZ 5010 V4,210.0,50.0,130.0,2.6,3.0,2.28,24.0,http://www.avalanchedownhillracing.com/Bike set ups/2022 5010 V4.htm
2021 BANSHEE Prime V3,185.0,55.0,135.0,2.45,2.98,2.22,25.5,http://www.avalanchedownhillracing.com/Bike set ups/2021 Prime V3.htm
2021 NUKEPROOF Reactor 275,210.0,55.0,140.0,2.55,2.68,2.18,18.66,http://www.avalanchedownhillracing.com/Bike set ups/2021 Reactor 275.htm
2022 INTENSE Tracer 279,205.0,65.0,170.0,2.62,3.25,2.25,30.8,http://www.avalanchedownhillracing.com/Bike set ups/2022 Tracer 279.htm
2020 ROCKY MOUNTAIN Instinct Pp Alloy BC,8.5,2.5,155.0,2.44,2.9,1.95,32.8,http://www.avalanchedownhillracing.com/Bike set ups/2020 Instinct Pp Alloy BC.htm
2024 ATHERTON A.170,205.0,65.0,170.0,2.62,3.3,2.2,33.3,http://www.avalanchedownhillracing.com/Bike set ups/2024 A.170.htm
2023 DEVIATE Highlander 2,210.0,55.0,145.0,2.64,2.87,2.43,15.33,http://www.avalanchedownhillracing.com/Bike set ups/2023 Highlander 2.htm
2007 BANSHEE Scream V2,7.875,2.25,177.8,3.11,4.08,3.12,23.5,http://www.avalanchedownhillracing.com/Bike set ups/2007 Scream V2.htm
2022 PIVOT Shadowcat,185.0,55.0,140.0,2.55,3.12,2.13,31.7,http://www.avalanchedownhillracing.com/Bike set ups/2022 Shadowcat.htm
2020 FELT Redemption,185.0,52.5,150.0,2.86,SAG POINT LEVERAGE,PROGRESSION %,,http://www.avalanchedownhillracing.com/Bike set ups/2020 Redemption.htm
2023 GIANT Reign Advanced,205.0,60.0,160.0,2.67,3.125,2.35,24.8,http://www.avalanchedownhillracing.com/Bike set ups/2023 Reign Advanced.htm
2017 YT Industries Tues CF 27.5,10.5,3.5,208.0,2.34,3.1,1.83,,http://www.avalanchedownhillracing.com/Bike set ups/2017 Tues CF 27.5.htm
2004 BROOKLYN RACELINK,9.0,3.0,203.0,2.67,3.16,2.54,19.6,http://www.avalanchedownhillracing.com/Bike set ups/2004 RACELINK.htm
2023 PIVOT Shuttle SL,185.0,55.0,132.0,2.4,3.0,2.0,33.3,http://www.avalanchedownhillracing.com/Bike set ups/2023 Shuttle SL.htm
2021 PIVOT Trail 429,165.0,45.0,120.0,2.67,SAG POINT LEVERAGE,PROGRESSION %,,http://www.avalanchedownhillracing.com/Bike set ups/2021 Trail 429.htm
2021 GUERILLA GRAVITY Trail Pistola,210.0,55.0,130.0,2.36,2.7,2.1,22.2,http://www.avalanchedownhillracing.com/Bike set ups/2021 Trail Pistola.htm
2021 SPECIALIZED Stumpjumper Alloy Cc,190.0,45.0,138.0,3.07,3.43,2.62,23.6,http://www.avalanchedownhillracing.com/Bike set ups/2021 Stumpjumper Alloy Cc.htm
2021 ZERODE Katipo,230.0,65.0,160.0,2.46,2.83,1.95,31.1,http://www.avalanchedownhillracing.com/Bike set ups/2021 Katipo.htm
2022 SUR-RON Storm Bee,10.5,3.5,210.0,2.36,2.9,2.0,31.0,http://www.avalanchedownhillracing.com/Bike set ups/2022 Storm Bee.htm
2024 Yamaha YDX-MORO 07,210.0,55.0,150.0,2.73,3.0,2.65,11.67,http://www.avalanchedownhillracing.com/Bike set ups/2024 YDX-MORO 07.htm
2021 NORCO Sight A1 55mm,185.0,55.0,156.6,2.85,3.25,2.60,20.0,http://www.avalanchedownhillracing.com/Bike set ups/2021 Sight A1 55mm.htm
2007 CANFIELD Balance,200.0,51.0,157.0,3.08,3.2,2.35,26.6,http://www.avalanchedownhillracing.com/Bike set ups/2007 Balance.htm
2023 FORBIDDEN Druid V2,185.0,50.0,130.0,2.6,2.93,2.25,23.21,http://www.avalanchedownhillracing.com/Bike set ups/2023 Druid V2.htm
2023 ATHERTON AM.170,205.0,65.0,170.0,2.62,3.3,2.2,33.33,http://www.avalanchedownhillracing.com/Bike set ups/2023 AM.170.htm
2020 SCOTT Genius,185.0,55.0,150.0,2.73,SAG POINT LEVERAGE,PROGRESSION %,,http://www.avalanchedownhillracing.com/Bike set ups/2020 Genius.htm
2019 YT Industries Jeffsy 27.5 Pro,230.0,60.0,150.0,2.5,SAG POINT LEVERAGE,PROGRESSION %,,http://www.avalanchedownhillracing.com/Bike set ups/2019 Jeffsy 27.5 Pro.htm
2018 EVIL BIKES Calling LT,185.0,55.0,143.0,2.6,3.3,2.35,28.8,http://www.avalanchedownhillracing.com/Bike set ups/2018 Calling LT.htm
2019 SPECIALIZED Turbo Kenevo Expert,8.38,2.5,180.0,2.83,3.35,3.0,10.45,http://www.avalanchedownhillracing.com/Bike set ups/2019 Turbo Kenevo Expert.htm
2023 GT Bikes Sensor Sport,185.0,50.0,130.0,2.6,2.8,2.34,16.43,http://www.avalanchedownhillracing.com/Bike set ups/2023 Sensor Sport.htm
2017 CANYON Sender CF 7.0,9.5,3.0,200.0,2.62,3.3,2.3,30.3,http://www.avalanchedownhillracing.com/Bike set ups/2017 Sender CF 7.0.htm
2021 GIANT Trance Advanced 27.5,185.0,52.5,140.0,2.67,3.05,2.6,14.8,http://www.avalanchedownhillracing.com/Bike set ups/2021 Trance Advanced 27.5.htm
2021 TRANSITION Sentinel V3 carbon,205.0,62.5,150.0,2.4,SAG POINT LEVERAGE,PROGRESSION %,,http://www.avalanchedownhillracing.com/Bike set ups/2021 Sentinel V3 carbon.htm
2023 ORBEA Wild,205.0,65.0,160.0,2.46,2.95,2.28,22.7,http://www.avalanchedownhillracing.com/Bike set ups/2023 Wild.htm
2017 INTENSE Primer Foundation,200.0,51.0,130.0,2.55,2.39,2.08,13.0,http://www.avalanchedownhillracing.com/Bike set ups/2017 Primer Foundation.htm
2005 BROOKLYN RACELINK,9.0,3.0,216.0,2.83,3.19,2.4,24.8,http://www.avalanchedownhillracing.com/Bike set ups/2005 RACELINK.htm
2019 KNOLLY Delirium,8.75,2.75,170.0,2.43,3.35,2.35,29.9,http://www.avalanchedownhillracing.com/Bike set ups/2019 Delirium.htm
2014 TRANSITION TR500,9.5,3.0,200.0,2.62,3.05,2.35,,http://www.avalanchedownhillracing.com/Bike set ups/2014 TR500.htm
2020 SANTA CRUZ Heckler 8,210.0,55.0,150.0,2.73,3.2,2.38,25.6,http://www.avalanchedownhillracing.com/Bike set ups/2020 Heckler 8.htm
2021 FOES Mixer,8.5,2.5,160.0,2.52,2.3,2.0,13.04,http://www.avalanchedownhillracing.com/Bike set ups/2021 Mixer.htm
2022 YT Industries Decoy MX,230.0,65.0,165.0,2.54,3.1,2.1,32.3,http://www.avalanchedownhillracing.com/Bike set ups/2022 Decoy MX.htm
2021 YETI SB140 Cascade,210.0,55.0,145.0,2.76,2.86,2.28,20.3,http://www.avalanchedownhillracing.com/Bike set ups/2021 SB140 Cascade.htm
2022 SPECIALIZED Demo Expert,225.0,75.0,200.0,2.67,3.47,2.05,40.9,http://www.avalanchedownhillracing.com/Bike set ups/2022 Demo Expert.htm
2018 ROCKY MOUNTAIN Instinct Alloy BC,8.5,2.5,155.0,2.44,3.1,2.15,30.6,http://www.avalanchedownhillracing.com/Bike set ups/2018 Instinct Alloy BC.htm
2023 TRANSITION Spur,190.0,45.0,120.0,2.67,3.29,2.32,29.5,http://www.avalanchedownhillracing.com/Bike set ups/2023 Spur.htm
2008 SPECIALIZED Demo 7,8.5,2.375,203.0,3.36,SAG POINT LEVERAGE,PROGRESSION %,,http://www.avalanchedownhillracing.com/Bike set ups/2008 Demo 7.htm
2022 NORCO Sight C2,185.0,52.5,150.0,2.86,3.25,2.63,19.1,http://www.avalanchedownhillracing.com/Bike set ups/2022 Sight C2.htm
2019 DEVINCI Wilson,250.0,75.0,204.0,2.72,3.4,2.25,33.82,http://www.avalanchedownhillracing.com/Bike set ups/2019 Wilson.htm
2023 GIANT Reign Advanced Pro 1,205.0,62.5,160.0,2.56,3.125,2.35,24.8,http://www.avalanchedownhillracing.com/Bike set ups/2023 Reign Advanced Pro 1.htm
2021 Focus Sam 2 6.8,230.0,65.0,170.0,2.62,2.57,2.075,19.26,http://www.avalanchedownhillracing.com/Bike set ups/2021 Sam 2 6.8.htm
2013 TURNER Burner,7.5,2.0,140.0,2.75,3.3,2.52,23.6,http://www.avalanchedownhillracing.com/Bike set ups/2013 Burner.htm
2023 PROPAIN Tyee CF,210.0,55.0,160.0,2.91,3.17,2.475,21.92,http://www.avalanchedownhillracing.com/Bike set ups/2023 Tyee CF.htm
2020 YT Industries Jeffsy 27.5,230.0,65.0,160.0,2.46,SAG POINT LEVERAGE,PROGRESSION %,,http://www.avalanchedownhillracing.com/Bike set ups/2020 Jeffsy 27.5.htm
2019 SANTA CRUZ Hightower 2,210.0,52.5,140.0,2.67,SAG POINT LEVERAGE,PROGRESSION %,,http://www.avalanchedownhillracing.com/Bike set ups/2019 Hightower 2.htm
2019 KONA Operator,225.0,75.0,205.0,2.73,2.97,2.28,23.2,http://www.avalanchedownhillracing.com/Bike set ups/2019 Operator.htm
2021 COMMENCAL Furious FRS,250.0,75.0,200.0,2.67,3.5,2.2,37.1,http://www.avalanchedownhillracing.com/Bike set ups/2021 Furious FRS.htm
2021 FORBIDDEN Druid,210.0,55.0,130.0,2.36,2.7,2.05,24.07,http://www.avalanchedownhillracing.com/Bike set ups/2021 Druid.htm
2020 TREK Fuel Ex 8 Gen 5,210.0,52.5,130.0,2.48,2.75,2.3,16.4,http://www.avalanchedownhillracing.com/Bike set ups/2020 Fuel Ex 8 Gen 5.htm
2022 CANNONDALE Moterra Neo Carbon LT,230.0,65.0,165.0,2.54,2.9,2.24,,http://www.avalanchedownhillracing.com/Bike set ups/2022 Moterra Neo Carbon LT.htm
2020 TREK Top Fuel AL,190.0,45.0,120.0,2.67,2.75,2.4,12.7,http://www.avalanchedownhillracing.com/Bike set ups/2020 Top Fuel AL.htm
2022 NUKEPROOF Giga 290,205.0,60.0,170.0,2.83,3.26,2.32,28.8,http://www.avalanchedownhillracing.com/Bike set ups/2022 Giga 290.htm
2023 FORBIDDEN Druid V2 Cascade,185.0,50.0,135.0,2.7,3.19,2.19,31.3,http://www.avalanchedownhillracing.com/Bike set ups/2023 Druid V2 Cascade.htm
2007 SANTA CRUZ VP10.3,8.75,2.75,254.0,3.64,SAG POINT LEVERAGE,PROGRESSION %,,http://www.avalanchedownhillracing.com/Bike set ups/2007 VP10.3.htm
2022 YETI SB160E,205.0,65.0,160.0,2.46,3.1,2.0,35.5,http://www.avalanchedownhillracing.com/Bike set ups/2022 SB160E.htm
2023 CHROMAG Darco,165.0,45.0,120.0,2.67,3.15,2.25,28.6,http://www.avalanchedownhillracing.com/Bike set ups/2023 Darco.htm
2022 GIANT Trance Advanced 29,185.0,50.0,120.0,2.4,2.94,2.54,13.6,http://www.avalanchedownhillracing.com/Bike set ups/2022 Trance Advanced 29.htm
2024 KNOLLY Chilcotin 170,205.0,65.0,170.0,2.62,3.1,2.52,18.71,http://www.avalanchedownhillracing.com/Bike set ups/2024 Chilcotin 170.htm
2025 DEVINCI E-Troy Lite,185.0,55.0,150.0,2.73,3.2,2.45,23.4,http://www.avalanchedownhillracing.com/Bike set ups/2025 E-Troy Lite.htm
2022 SHERPA Everest,210.0,55.0,160.0,2.91,SAG POINT LEVERAGE,PROGRESSION %,,http://www.avalanchedownhillracing.com/Bike set ups/2022 Everest.htm
2019 Pole Evolink 158,216.0,63.0,158.0,2.49,2.8,2.4,14.29,http://www.avalanchedownhillracing.com/Bike set ups/2019 Evolink 158.htm
2020 SPECIALIZED Enduro,205.0,60.0,170.0,2.83,3.32,2.4,27.7,http://www.avalanchedownhillracing.com/Bike set ups/2020 Enduro.htm
2018 INTENSE Sniper Trail,165.0,45.0,120.0,2.67,2.85,2.15,24.6,http://www.avalanchedownhillracing.com/Bike set ups/2018 Sniper Trail.htm
2018 YT Industries Capra CF Pro,250.0,75.0,180.0,2.4,3.15,2.03,35.6,http://www.avalanchedownhillracing.com/Bike set ups/2018 Capra CF Pro.htm
2020 DIAMONDBACK RELEASE 29,200.0,57.0,130.0,2.28,SAG POINT LEVERAGE,PROGRESSION %,4.0,http://www.avalanchedownhillracing.com/Bike set ups/2020 RELEASE 29.htm
2024 TRANSITION Sentinel V3 Alloy,205.0,60.0,160.0,2.46,2.85,2.17,23.9,http://www.avalanchedownhillracing.com/Bike set ups/2024 Sentinel V3 Alloy.htm
2022 SCOR 4060 LT,205.0,65.0,160.0,2.46,2.98,2.25,24.5,http://www.avalanchedownhillracing.com/Bike set ups/2022 4060 LT.htm
2020 GT Bikes Fury Team Carbon 27.5,225.0,75.0,200.0,2.67,2.95,2.32,21.4,http://www.avalanchedownhillracing.com/Bike set ups/2020 Fury Team Carbon 27.5.htm
nan,200.0,51.0,200.0,2.67,3.3,2.2,33.33,http://www.avalanchedownhillracing.com/Bike set ups/ .htm
2018 YT Industries Tues CF 27.5,10.5,3.5,208.0,2.34,3.1,1.83,,http://www.avalanchedownhillracing.com/Bike set ups/2018 Tues CF 27.5.htm
2025 TORA EVH 80 MM,250.0,80.0,210.0,2.62,3.12,1.87,40.06,http://www.avalanchedownhillracing.com/Bike set ups/2025 EVH 80 MM.htm
2024 CANNONDALE Moterra SL Med 60mm,210.0,60.0,154.3,2.57,3.08,2.32,24.68,http://www.avalanchedownhillracing.com/Bike set ups/2024 Moterra SL Med 60mm.htm
2024 ROCKY MOUNTAIN Altitude Power Play,230.0,62.5,160.0,2.56,3.07,2.10,31.6,http://www.avalanchedownhillracing.com/Bike set ups/2024 Altitude Power Play.htm
2023 NORCO Fluid 1 FS 20,170.0,30.0,100.0,3.33,3.5,2.9,17.14,http://www.avalanchedownhillracing.com/Bike set ups/2023 Fluid 1 FS 20.htm
2022 GIANT Reign SX,205.0,60.0,146.0,2.43,2.87,2.28,20.6,http://www.avalanchedownhillracing.com/Bike set ups/2022 Reign SX.htm
2004 TURNER DHR,9.5,3.0,216.0,2.83,4.3,2.58,40.0,http://www.avalanchedownhillracing.com/Bike set ups/2004 DHR.htm
2025 SPECIALIZED Turbo Levo Expert,210.0,55.0,150.0,2.73,2.95,2.6,11.86,http://www.avalanchedownhillracing.com/Bike set ups/2025 Turbo Levo Expert.htm
2023 ALCHEMY Arktos 150,230.0,60.0,150.0,2.5,2.4,2.3,,http://www.avalanchedownhillracing.com/Bike set ups/2023 Arktos 150.htm
2018 IBIS Ripley LS V3,7.25,1.75,120.0,2.7,2.9,2.64,9.0,http://www.avalanchedownhillracing.com/Bike set ups/2018 Ripley LS V3.htm
2023 SPECIALIZED Stumpjumper Comp,190.0,45.0,130.0,2.89,3.07,2.52,17.9,http://www.avalanchedownhillracing.com/Bike set ups/2023 Stumpjumper Comp.htm
2018 EVIL BIKES Insurgent LB,7.875,2.25,152.0,2.66,3.2,2.55,20.3,http://www.avalanchedownhillracing.com/Bike set ups/2018 Insurgent LB.htm
2020 SPECIALIZED Enduro WRP Link,205.0,60.0,180.0,3.0,3.45,2.55,26.1,http://www.avalanchedownhillracing.com/Bike set ups/2020 Enduro WRP Link.htm
2019 SPECIALIZED Stumpjumper 27.5,210.0,52.5,150.0,2.86,2.98,2.6,,http://www.avalanchedownhillracing.com/Bike set ups/2019 Stumpjumper 27.5.htm
2022 NORCO Range WRP DH 29er,225.0,75.0,200.0,2.67,3.1,2.38,23.2,http://www.avalanchedownhillracing.com/Bike set ups/2022 Range WRP DH 29er.htm
2016 NORCO Range C7.2,8.5,2.5,160.0,2.52,2.8,2.3,17.9,http://www.avalanchedownhillracing.com/Bike set ups/2016 Range C7.2.htm
2022 ROCKY MOUNTAIN Altitude Power Play,230.0,62.5,160.0,2.56,3.07,2.00,34.85,http://www.avalanchedownhillracing.com/Bike set ups/2022 Altitude Power Play.htm
2022 CANFIELD Tilt,210.0,55.0,138.0,2.51,2.78,2.3,17.3,http://www.avalanchedownhillracing.com/Bike set ups/2022 Tilt.htm
2021 SANTA CRUZ BRONSON V3 Cascade,210.0,55.0,160.0,2.91,3.5,2.65,24.3,http://www.avalanchedownhillracing.com/Bike set ups/2021 BRONSON V3 Cascade.htm
2018 CANYON Sender CF 8.0,240.0,76.0,200.0,2.63,3.3,2.3,30.3,http://www.avalanchedownhillracing.com/Bike set ups/2018 Sender CF 8.0.htm
2022 CANFIELD Lithium,230.0,65.0,163.0,2.51,2.8,2.3,17.9,http://www.avalanchedownhillracing.com/Bike set ups/2022 Lithium.htm
2024 SPECIALIZED Enduro Comp,205.0,60.0,170.0,2.83,3.32,2.4,27.7,http://www.avalanchedownhillracing.com/Bike set ups/2024 Enduro Comp.htm
2020 TRANSITION Patrol Carbon,205.0,65.0,160.0,2.46,SAG POINT LEVERAGE,PROGRESSION %,,http://www.avalanchedownhillracing.com/Bike set ups/2020 Patrol Carbon.htm
2022 ORBEA Occam M30 LT,210.0,55.0,150.0,2.73,3.14,2.56,18.5,http://www.avalanchedownhillracing.com/Bike set ups/2022 Occam M30 LT.htm
2003 BALFA 2-Step DH,7.875,2.25,180.0,3.15,3.5,2.8,20.0,http://www.avalanchedownhillracing.com/Bike set ups/2003 2-Step DH.htm
2016 EVIL BIKES WRECKONING V1,8.5,2.5,160.0,2.52,3.1,2.3,25.8,http://www.avalanchedownhillracing.com/Bike set ups/2016 WRECKONING V1.htm
2022 REEB SST,185.0,50.0,120.0,2.4,2.63,2.2,16.3,http://www.avalanchedownhillracing.com/Bike set ups/2022 SST.htm
2020 TRANSITION TR11 V2 Carbon,250.0,75.0,200.0,2.67,2.95,1.98,32.88,http://www.avalanchedownhillracing.com/Bike set ups/2020 TR11 V2 Carbon.htm
2021 Levinsson Isac-Hp,230.0,65.0,170.0,2.62,SAG POINT LEVERAGE,PROGRESSION %,,http://www.avalanchedownhillracing.com/Bike set ups/2021 Isac-Hp.htm
2018 YT Industries Capra AL Pro,250.0,75.0,180.0,2.4,3.15,2.03,35.6,http://www.avalanchedownhillracing.com/Bike set ups/2018 Capra AL Pro.htm
2023 PIVOT Shuttle LT,205.0,65.0,160.0,2.46,3.2,2.0,37.5,http://www.avalanchedownhillracing.com/Bike set ups/2023 Shuttle LT.htm
2021 TRANSITION Patrol Alloy V3 170,205.0,65.0,170.0,2.62,3.06,2.34,23.53,http://www.avalanchedownhillracing.com/Bike set ups/2021 Patrol Alloy V3 170.htm
2016 YT Industries CAPRA Carbon,8.75,2.75,165.0,2.36,3.15,2.03,35.56,http://www.avalanchedownhillracing.com/Bike set ups/2016 CAPRA Carbon.htm
2022 SPECIALIZED Turbo Kenevo Comp,230.0,62.5,180.0,2.88,3.3,2.65,19.7,http://www.avalanchedownhillracing.com/Bike set ups/2022 Turbo Kenevo Comp.htm
2016 INTENSE Spider 275C Recluse,200.0,57.0,140.0,2.46,2.4,2.1,12.5,http://www.avalanchedownhillracing.com/Bike set ups/2016 Spider 275C Recluse.htm
2021 CANYON Spectral CF 8,230.0,60.0,150.0,2.5,3.1,2.18,29.7,http://www.avalanchedownhillracing.com/Bike set ups/2021 Spectral CF 8.htm
2018 INTENSE M16,250.0,75.0,216.0,2.88,3.55,2.5,29.6,http://www.avalanchedownhillracing.com/Bike set ups/2018 M16.htm
2022 CRESTLINE RS205 VHP,250.0,75.0,205.0,2.73,3.15,2.2,30.2,http://www.avalanchedownhillracing.com/Bike set ups/2022 RS205 VHP.htm
2019 SANTA CRUZ Nomad V4 Cc 65 LT,230.0,65.0,190.0,2.92,3.75,2.48,33.9,http://www.avalanchedownhillracing.com/Bike set ups/2019 Nomad V4 Cc 65 LT.htm
2023 COMMENCAL Meta SX V5,230.0,65.0,165.0,2.54,3.02,2.2,27.15,http://www.avalanchedownhillracing.com/Bike set ups/2023 Meta SX V5.htm
2022 ROCKY MOUNTAIN Altitude C50 LC,230.0,60.0,165.0,2.75,3.24,2.08,35.8,http://www.avalanchedownhillracing.com/Bike set ups/2022 Altitude C50 LC.htm
2021 TRANSITION Spire,205.0,65.0,170.0,2.62,3.1,2.4,22.6,http://www.avalanchedownhillracing.com/Bike set ups/2021 Spire.htm
2022 ROCKY MOUNTAIN Instinct Pp Carbon,210.0,55.0,140.0,2.55,3.05,2.09,,http://www.avalanchedownhillracing.com/Bike set ups/2022 Instinct Pp Carbon.htm
2020 KNOLLY Warden,205.0,60.0,160.0,2.67,3.0,2.2,26.7,http://www.avalanchedownhillracing.com/Bike set ups/2020 Warden.htm
2022 NORCO Shore Park,225.0,75.0,191.0,2.55,3.09,2.35,23.9,http://www.avalanchedownhillracing.com/Bike set ups/2022 Shore Park.htm
2023 NUKEPROOF MEGAWATT ALLOY,230.0,62.5,170.0,2.72,2.93,2.3,21.5,http://www.avalanchedownhillracing.com/Bike set ups/2023 MEGAWATT ALLOY.htm
2024 RAAW Madonna V3 60R M-3,205.0,60.0,160.0,2.67,3.1,2.40,,http://www.avalanchedownhillracing.com/Bike set ups/2024 Madonna V3 60R M-3.htm
2018 SPECIALIZED Camber 27.5,205.0,53.0,130.0,2.45,2.55,2.35,7.84,http://www.avalanchedownhillracing.com/Bike set ups/2018 Camber 27.5.htm
2016 SANTA CRUZ NOMAD,8.5,2.5,160.0,2.52,SAG POINT LEVERAGE,PROGRESSION %,,http://www.avalanchedownhillracing.com/Bike set ups/2016 NOMAD.htm
2021 Focus Sam 2 6.9,230.0,65.0,170.0,2.62,2.57,2.075,19.26,http://www.avalanchedownhillracing.com/Bike set ups/2021 Sam 2 6.9.htm
2021 SANTA CRUZ NOMAD V5,230.0,62.5,170.0,2.72,3.2,2.27,29.1,http://www.avalanchedownhillracing.com/Bike set ups/2021 NOMAD V5.htm
2018 IBIS Ripmo V1,210.0,55.0,145.0,2.52,2.89,2.65,8.3,http://www.avalanchedownhillracing.com/Bike set ups/2018 Ripmo V1.htm
2023 CRESTLINE RS 75_50,230.0,65.0,175.0,2.69,3.25,2.25,30.8,http://www.avalanchedownhillracing.com/Bike set ups/2023 RS 75_50.htm
2023 VITUS Sommet CRS 29,205.0,62.5,162.0,2.59,2.96,2.32,21.6,http://www.avalanchedownhillracing.com/Bike set ups/2023 Sommet CRS 29.htm
2018 GIANT Glory 2,9.5,3.0,200.0,2.62,3.45,2.45,29.0,http://www.avalanchedownhillracing.com/Bike set ups/2018 Glory 2.htm
2019 TRANSITION Patrol Alloy,205.0,65.0,160.0,2.46,2.52,2.34,,http://www.avalanchedownhillracing.com/Bike set ups/2019 Patrol Alloy.htm
2020 SPECIALIZED Turbo Levo SL,210.0,52.5,150.0,2.86,SAG POINT LEVERAGE,PROGRESSION %,,http://www.avalanchedownhillracing.com/Bike set ups/2020 Turbo Levo SL.htm
2022 YT Industries Tues CF 29,250.0,75.0,200.0,2.67,3.3,2.13,35.45,http://www.avalanchedownhillracing.com/Bike set ups/2022 Tues CF 29.htm
2022 ROCKY MOUNTAIN Instinct Carbon,210.0,55.0,140.0,2.55,3.05,2.09,31.5,http://www.avalanchedownhillracing.com/Bike set ups/2022 Instinct Carbon.htm
2018 GT Bikes Fury Pro,9.0,3.0,210.0,2.76,3.05,2.8,8.2,http://www.avalanchedownhillracing.com/Bike set ups/2018 Fury Pro.htm
2023 TRANSITION Smuggler GX 55 MM,210.0,55.0,140.0,2.55,3.14,2.21,,http://www.avalanchedownhillracing.com/Bike set ups/2023 Smuggler GX 55 MM.htm
2024 E-RIDE Pro SS 2.0,10.5,3.5,210.0,2.36,3.1,2.2,29.0,http://www.avalanchedownhillracing.com/Bike set ups/2024 Pro SS 2.0.htm
2018 YT Industries CAPRA AL,230.0,60.0,160.0,2.67,3.15,2.03,35.6,http://www.avalanchedownhillracing.com/Bike set ups/2018 CAPRA AL.htm
2020 ORBEA Occam H30,210.0,55.0,135.0,2.45,3.16,2.62,17.1,http://www.avalanchedownhillracing.com/Bike set ups/2020 Occam H30.htm
2021 MONDRAKER Crafty R,205.0,65.0,150.0,2.31,2.72,1.98,27.2,http://www.avalanchedownhillracing.com/Bike set ups/2021 Crafty R.htm
2022 ROCKY MOUNTAIN Altitude A30 Small,210.0,55.0,160.0,2.91,3.45,2.27,34.2,http://www.avalanchedownhillracing.com/Bike set ups/2022 Altitude A30 Small.htm
2021 PROPAIN Tyee CF,210.0,55.0,160.0,2.91,3.28,2.39,27.1,http://www.avalanchedownhillracing.com/Bike set ups/2021 Tyee CF.htm
2024 PRIVATEER 161 V2,205.0,60.0,161.0,2.68,3.6,2.2,38.9,http://www.avalanchedownhillracing.com/Bike set ups/2024 161 V2.htm
2024 KNOLLY Fugitive 140,185.0,55.0,140.0,2.55,3.0,2.1,30.0,http://www.avalanchedownhillracing.com/Bike set ups/2024 Fugitive 140.htm
2022 CANFIELD Jedi,250.0,75.0,203.0,2.71,3.42,2.47,27.78,http://www.avalanchedownhillracing.com/Bike set ups/2022 Jedi.htm
2020 NORCO Range VLT C2,205.0,60.0,170.0,2.83,3.1,2.5,19.35,http://www.avalanchedownhillracing.com/Bike set ups/2020 Range VLT C2.htm
2025 FORBIDDEN Druid Core 60 mm,210.0,60.0,161.0,2.68,3.0,2.20,26.7,http://www.avalanchedownhillracing.com/Bike set ups/2025 Druid Core 60 mm.htm
2019 NORCO Aurum HSP,225.0,70.0,200.0,2.86,3.35,2.0,40.3,http://www.avalanchedownhillracing.com/Bike set ups/2019 Aurum HSP.htm
2024 NORCO Sight C1 MX 65 MM,205.0,65.0,161.5,2.48,3.1,2.15,30.6,http://www.avalanchedownhillracing.com/Bike set ups/2024 Sight C1 MX 65 MM.htm
2025 TRANSITION Repeater,205.0,60.0,160.0,2.67,2.93,2.15,26.6,http://www.avalanchedownhillracing.com/Bike set ups/2025 Repeater.htm
2023 SCOR 4060 ST,205.0,57.5,140.0,2.43,3.7,2.6,29.7,http://www.avalanchedownhillracing.com/Bike set ups/2023 4060 ST.htm
2021 ORBEA Rise,210.0,55.0,140.0,2.55,2.9,2.28,21.4,http://www.avalanchedownhillracing.com/Bike set ups/2021 Rise.htm
2023 YT Industries Capra 29,230.0,65.0,170.0,2.62,3.5,2.19,37.4,http://www.avalanchedownhillracing.com/Bike set ups/2023 Capra 29.htm
2022 CANNONDALE Jekyll-1 Cascade,205.0,65.0,174.0,2.68,2.9,2.29,21.0,http://www.avalanchedownhillracing.com/Bike set ups/2022 Jekyll-1 Cascade.htm
2024 NORCO Sight C1 MX,205.0,60.0,150.0,2.5,3.1,2.22,28.4,http://www.avalanchedownhillracing.com/Bike set ups/2024 Sight C1 MX.htm
2018 NICOLAI Ion G15,216.0,63.0,150.0,2.38,2.9,2.0,31.0,http://www.avalanchedownhillracing.com/Bike set ups/2018 Ion G15.htm
2020 YT Industries Capra 29,230.0,65.0,170.0,2.62,3.3,2.1,36.36,http://www.avalanchedownhillracing.com/Bike set ups/2020 Capra 29.htm
2021 KNOLLY Chilcotin 29,205.0,65.0,167.0,2.57,SAG POINT LEVERAGE,PROGRESSION %,25.0,http://www.avalanchedownhillracing.com/Bike set ups/2021 Chilcotin 29.htm
2024 YT Industries Jeffsy 29er,210.0,55.0,145.0,2.64,3.5,2.3,34.3,http://www.avalanchedownhillracing.com/Bike set ups/2024 Jeffsy 29er.htm
2020 NICOLAI Saturn 14 GPI,210.0,55.0,138.0,2.51,3.08,2.12,31.17,http://www.avalanchedownhillracing.com/Bike set ups/2020 Saturn 14 GPI.htm
2018 TRANSITION Patrol Carbon,205.0,65.0,160.0,2.46,SAG POINT LEVERAGE,PROGRESSION %,,http://www.avalanchedownhillracing.com/Bike set ups/2018 Patrol Carbon.htm
2018 SPOT Mayhem 130,230.0,57.5,130.0,2.26,SAG POINT LEVERAGE,PROGRESSION %,,http://www.avalanchedownhillracing.com/Bike set ups/2018 Mayhem 130.htm
2020 SPECIALIZED Enduro WRP Link 65 mm,205.0,65.0,190.0,2.92,3.45,2.46,28.7,http://www.avalanchedownhillracing.com/Bike set ups/2020 Enduro WRP Link 65 mm.htm
2021 ORBEA Rise 63 mm,212.0,63.0,157.0,2.49,2.95,2.2,25.4,http://www.avalanchedownhillracing.com/Bike set ups/2021 Rise 63 mm.htm
2023 MONDRAKER Level R,225.0,75.0,170.0,2.27,2.56,2.10,17.97,http://www.avalanchedownhillracing.com/Bike set ups/2023 Level R.htm
2016 SPECIALIZED Enduro,8.25,2.25,165.0,2.89,3.2,2.85,10.9,http://www.avalanchedownhillracing.com/Bike set ups/2016 Enduro.htm
2025 Antidote Carbon jack,210.0,55.0,150.0,2.73,2.98,2.4,19.5,http://www.avalanchedownhillracing.com/Bike set ups/2025 Carbon jack.htm
2020 BANSHEE Rune V3,205.0,65.0,160.0,2.46,3.15,2.26,,http://www.avalanchedownhillracing.com/Bike set ups/2020 Rune V3.htm
2020 SANTA CRUZ Tallboy V4,190.0,45.0,120.0,2.67,3.18,2.33,26.7,http://www.avalanchedownhillracing.com/Bike set ups/2020 Tallboy V4.htm
2022 TRANSITION Patrol Alloy GX,205.0,65.0,170.0,2.62,3.08,2.36,23.4,http://www.avalanchedownhillracing.com/Bike set ups/2022 Patrol Alloy GX.htm
2024 GIANT Trance X Advanced,185.0,52.5,140.0,2.67,3.02,2.47,18.2,http://www.avalanchedownhillracing.com/Bike set ups/2024 Trance X Advanced.htm
2022 DIRTLAB MENACE 145,185.0,55.0,145.0,2.64,2.8,2.4,14.3,http://www.avalanchedownhillracing.com/Bike set ups/2022 MENACE 145.htm
2023 IBIS Ripmo V2S CF,210.0,55.0,147.3,2.68,3.3,2.3,,http://www.avalanchedownhillracing.com/Bike set ups/2023 Ripmo V2S CF.htm
2020 EVIL BIKES Offering V1 Cascade,185.0,55.0,145.0,2.64,3.4,2.2,35.3,http://www.avalanchedownhillracing.com/Bike set ups/2020 Offering V1 Cascade.htm
2023 VAMPIRE Fastarossa DH 220,228.6,76.2,220.0,2.89,3.38,2.55,24.6,http://www.avalanchedownhillracing.com/Bike set ups/2023 Fastarossa DH 220.htm
2024 CANNONDALE Moterra SL LG,210.0,55.0,150.0,2.73,3.14,2.35,25.2,http://www.avalanchedownhillracing.com/Bike set ups/2024 Moterra SL LG.htm
2020 SANTA CRUZ BRONSON V3,210.0,55.0,150.0,2.73,3.1,2.5,19.4,http://www.avalanchedownhillracing.com/Bike set ups/2020 BRONSON V3.htm
2015 IBIS HD3,7.875,2.25,150.0,2.62,2.85,2.68,6.0,http://www.avalanchedownhillracing.com/Bike set ups/2015 HD3.htm
2021 SPECIALIZED Stumpjumper Expert C,190.0,45.0,130.0,2.89,3.07,2.52,17.9,http://www.avalanchedownhillracing.com/Bike set ups/2021 Stumpjumper Expert C.htm
2015 Spot Mayhem 130,230.0,57.5,130.0,2.26,SAG POINT LEVERAGE,PROGRESSION %,,http://www.avalanchedownhillracing.com/Bike set ups/2015 Mayhem 130.htm
2020 EVIL BIKES Following V3,165.0,45.0,120.0,2.67,3.1,2.45,21.0,http://www.avalanchedownhillracing.com/Bike set ups/2020 Following V3.htm
2023 NORCO Fluid 1 FS 24,170.0,35.0,120.0,3.43,3.75,3.0,20.0,http://www.avalanchedownhillracing.com/Bike set ups/2023 Fluid 1 FS 24.htm
2020 YETI SB165 T2,230.0,65.0,165.0,2.54,2.83,2.0,29.3,http://www.avalanchedownhillracing.com/Bike set ups/2020 SB165 T2.htm
2021 KNOLLY Warden LT 168,205.0,62.5,168.0,2.69,3.2,2.23,30.3,http://www.avalanchedownhillracing.com/Bike set ups/2021 Warden LT 168.htm
2022 Kingdom Void 157,230.0,57.5,157.0,2.62,2.67,2.67,0.0,http://www.avalanchedownhillracing.com/Bike set ups/2022 Void 157.htm
2021 NUKEPROOF MEGA V4,230.0,62.5,165.0,2.64,2.90,2.39,17.6,http://www.avalanchedownhillracing.com/Bike set ups/2021 MEGA V4.htm
2019 SANTA CRUZ Nomad V4 Cc 60 LT,230.0,60.0,177.0,2.95,3.75,2.50,33.33,http://www.avalanchedownhillracing.com/Bike set ups/2019 Nomad V4 Cc 60 LT.htm
2021 SPECIALIZED Stumpjumper 27.5 Cas,210.0,55.0,158.0,2.87,3.43,2.53,,http://www.avalanchedownhillracing.com/Bike set ups/2021 Stumpjumper 27.5 Cas.htm
2022 RAAW Madonna V2 60 Rocker,205.0,65.0,172.0,2.65,2.95,2.3,22.03,http://www.avalanchedownhillracing.com/Bike set ups/2022 Madonna V2 60 Rocker.htm
2022 ATHERTON AM.130,185.0,52.5,130.0,2.48,3.15,2.2,30.16,http://www.avalanchedownhillracing.com/Bike set ups/2022 AM.130.htm
2022 NUKEPROOF Giga 297,205.0,65.0,180.0,2.77,3.26,2.30,29.4,http://www.avalanchedownhillracing.com/Bike set ups/2022 Giga 297.htm
2018 INTENSE Spider 275,200.0,51.0,130.0,2.55,2.4,2.3,4.17,http://www.avalanchedownhillracing.com/Bike set ups/2018 Spider 275.htm
2022 PIVOT Mach 4 SL XLT,190.0,40.0,103.0,2.58,2.67,2.47,7.5,http://www.avalanchedownhillracing.com/Bike set ups/2022 Mach 4 SL XLT.htm
2005 IRON HORSE 7Point7,8.75,2.75,178.0,64.73,3.1,2.5,19.4,http://www.avalanchedownhillracing.com/Bike set ups/2005 7Point7.htm
2022 TREK Slash 7,230.0,62.5,160.0,2.56,2.9,2.3,20.7,http://www.avalanchedownhillracing.com/Bike set ups/2022 Slash 7.htm
2022 CANFIELD Lithium 60mm,230.0,60.0,151.0,2.52,2.8,2.35,16.1,http://www.avalanchedownhillracing.com/Bike set ups/2022 Lithium 60mm.htm
2016 YETI SB5.5C,7.875,2.25,140.0,2.46,2.525,2.50,0.99,http://www.avalanchedownhillracing.com/Bike set ups/2016 SB5.5C.htm
2022 SCOR 4060 Z ST,210.0,47.5,140.0,2.95,3.7,2.6,29.7,http://www.avalanchedownhillracing.com/Bike set ups/2022 4060 Z ST.htm
2025 IBIS Ripley V5,210.0,52.5,130.0,2.48,3.1,2.4,,http://www.avalanchedownhillracing.com/Bike set ups/2025 Ripley V5.htm
2019 SCOTT Gambler,9.5,3.0,210.0,2.76,3.53,2.3,34.8,http://www.avalanchedownhillracing.com/Bike set ups/2019 Gambler.htm
2021 BANSHEE Spitfire V3,185.0,55.0,135.0,2.45,2.98,2.2,26.2,http://www.avalanchedownhillracing.com/Bike set ups/2021 Spitfire V3.htm
2020 PIVOT Phoenix V2,9.5,3.0,204.0,2.68,3.5,2.45,30.0,http://www.avalanchedownhillracing.com/Bike set ups/2020 Phoenix V2.htm
2023 PRIVATEER 161,205.0,65.0,161.0,2.48,2.62,2.17,17.2,http://www.avalanchedownhillracing.com/Bike set ups/2023 161.htm
2018 SANTA CRUZ 5010 V3,210.0,50.0,130.0,2.6,2.65,2.36,10.94,http://www.avalanchedownhillracing.com/Bike set ups/2018 5010 V3.htm
2021 IBIS Ripley AF,190.0,45.0,120.0,2.67,2.9,2.52,13.1,http://www.avalanchedownhillracing.com/Bike set ups/2021 Ripley AF.htm
2022 SPECIALIZED Enduro S-Works CC,205.0,60.0,180.0,3.0,3.7,2.4,35.1,http://www.avalanchedownhillracing.com/Bike set ups/2022 Enduro S-Works CC.htm
2022 TREK Slash 8,230.0,62.5,160.0,2.56,2.9,2.3,20.7,http://www.avalanchedownhillracing.com/Bike set ups/2022 Slash 8.htm
2019 CANYON Sender AF 7.0,225.0,75.0,200.0,2.67,3.3,2.3,30.3,http://www.avalanchedownhillracing.com/Bike set ups/2019 Sender AF 7.0.htm
2021 CANYON Sender CRF,250.0,75.0,200.0,2.67,3.2,2.32,27.5,http://www.avalanchedownhillracing.com/Bike set ups/2021 Sender CRF.htm
2021 YETI SB150 Cascade,230.0,60.0,155.0,2.58,2.92,2.10,28.1,http://www.avalanchedownhillracing.com/Bike set ups/2021 SB150 Cascade.htm
2019 Revel Rascal,210.0,50.0,130.0,2.6,2.96,2.36,20.3,http://www.avalanchedownhillracing.com/Bike set ups/2019 Rascal.htm
2024 NORCO Fluid VLT,185.0,55.0,140.0,2.55,2.85,2.3,19.3,http://www.avalanchedownhillracing.com/Bike set ups/2024 Fluid VLT.htm
2021 TRANSITION Patrol Alloy V3 160,205.0,60.0,160.0,2.67,3.06,2.34,23.53,http://www.avalanchedownhillracing.com/Bike set ups/2021 Patrol Alloy V3 160.htm
2025 PROPAIN Spindrift 5 CF,230.0,65.0,180.0,2.77,3.08,2.2,28.6,http://www.avalanchedownhillracing.com/Bike set ups/2025 Spindrift 5 CF.htm
2020 NICOLAI G1,230.0,65.0,175.0,2.69,3.42,2.3,32.7,http://www.avalanchedownhillracing.com/Bike set ups/2020 G1.htm
2025 SANTA CRUZ Bronson V5,230.0,57.5,150.0,2.61,3.08,2.26,,http://www.avalanchedownhillracing.com/Bike set ups/2025 Bronson V5.htm
2016 COMMENCAL Supreme DH,267.0,89.0,220.0,2.47,3.45,2.2,36.2,http://www.avalanchedownhillracing.com/Bike set ups/2016 Supreme DH.htm
2024 SPECIALIZED Turbo Levo SL,210.0,55.0,150.0,2.73,Back to Leverage Curves,2.7,16.9,http://www.avalanchedownhillracing.com/Bike set ups/2024 Turbo Levo SL.htm
2020 TRANSITION Scout,205.0,57.5,140.0,2.43,2.87,2.15,25.1,http://www.avalanchedownhillracing.com/Bike set ups/2020 Scout.htm
2022 REEB Squeeb V4,205.0,65.0,160.0,2.46,2.62,2.20,16.03,http://www.avalanchedownhillracing.com/Bike set ups/2022 Squeeb V4.htm
2022 SCOR 4060 Z LT,210.0,55.0,160.0,2.91,3.7,2.6,29.7,http://www.avalanchedownhillracing.com/Bike set ups/2022 4060 Z LT.htm
2022 SPECIALIZED Turbo Levo Cascade 70,230.0,70.0,175.0,2.5,3.31,2.05,38.07,http://www.avalanchedownhillracing.com/Bike set ups/2022 Turbo Levo Cascade 70.htm
2023 VAMPIRE Fastarossa Bat 170,230.0,76.0,170.0,2.24,2.37,1.98,16.46,http://www.avalanchedownhillracing.com/Bike set ups/2023 Fastarossa Bat 170.htm
2023 GIANT Reign 29,205.0,60.0,146.0,2.43,2.87,2.28,20.6,http://www.avalanchedownhillracing.com/Bike set ups/2023 Reign 29.htm
2022 CANNONDALE Jekyll-1,205.0,65.0,165.0,2.54,2.66,2.21,16.9,http://www.avalanchedownhillracing.com/Bike set ups/2022 Jekyll-1.htm
2021 TREK Rail 9.8 XT,230.0,57.5,150.0,2.61,2.9,2.4,17.2,http://www.avalanchedownhillracing.com/Bike set ups/2021 Rail 9.8 XT.htm
2023 GIANT Trance X Elite E+,185.0,52.5,140.0,2.67,2.96,2.4,18.92,http://www.avalanchedownhillracing.com/Bike set ups/2023 Trance X Elite E+ .htm
2025 Vessel DH,250.0,75.0,200.0,2.67,3.28,2.33,,http://www.avalanchedownhillracing.com/Bike set ups/2025 DH.htm
2020 INTENSE Primer 29,210.0,50.0,140.0,2.8,2.94,2.25,23.5,http://www.avalanchedownhillracing.com/Bike set ups/2020 Primer 29.htm
2020 GT Bikes Force 29 Alloy,185.0,55.0,150.0,2.73,2.98,2.52,15.4,http://www.avalanchedownhillracing.com/Bike set ups/2020 Force 29 Alloy.htm
2020 ORBEA Rallon,230.0,60.0,160.0,2.67,2.98,2.44,18.12,http://www.avalanchedownhillracing.com/Bike set ups/2020 Rallon.htm
2011 TREK Scratch 9,8.5,2.5,170.0,2.68,3.0,2.3,23.33,http://www.avalanchedownhillracing.com/Bike set ups/2011 Scratch 9.htm
2025 TRANSITION Ripcord,165.0,42.5,130.0,3.06,3.5,2.79,20.3,http://www.avalanchedownhillracing.com/Bike set ups/2025 Ripcord.htm
2023 EVIL BIKES Offering LS,185.0,55.0,141.0,2.56,3.04,2.33,23.4,http://www.avalanchedownhillracing.com/Bike set ups/2023 Offering LS.htm
2021 YETI SB115,190.0,45.0,115.0,2.56,2.74,2.28,16.79,http://www.avalanchedownhillracing.com/Bike set ups/2021 SB115.htm
2020 SPECIALIZED Demo Expert 29,225.0,75.0,200.0,2.67,3.2,2.2,31.2,http://www.avalanchedownhillracing.com/Bike set ups/2020 Demo Expert 29.htm
2021 Pole Stamina 180,250.0,75.0,180.0,2.4,2.95,2.15,27.12,http://www.avalanchedownhillracing.com/Bike set ups/2021 Stamina 180.htm
2022 TRANSITION Patrol Carbon,205.0,65.0,170.0,2.62,3.08,2.36,23.4,http://www.avalanchedownhillracing.com/Bike set ups/2022 Patrol Carbon.htm
2020 TRANSITION Scout 150,205.0,62.5,150.0,2.4,2.87,2.13,25.78,http://www.avalanchedownhillracing.com/Bike set ups/2020 Scout 150.htm
2021 KNOLLY Fugitive 138,185.0,55.0,138.0,2.51,2.85,2.1,26.3,http://www.avalanchedownhillracing.com/Bike set ups/2021 Fugitive 138.htm
2024 NORCO Fluid 1 FS 24 42.5,170.0,42.5,132.0,3.11,3.75,2.5,33.33,http://www.avalanchedownhillracing.com/Bike set ups/2024 Fluid 1 FS 24 42.5.htm
2022 BANSHEE Rune V3.2,205.0,65.0,160.0,2.46,3.15,2.26,,http://www.avalanchedownhillracing.com/Bike set ups/2022 Rune V3.2.htm
2021 SANTA CRUZ Hightower 2,210.0,55.0,145.0,2.64,3.0,2.32,,http://www.avalanchedownhillracing.com/Bike set ups/2021 Hightower 2.htm
2020 VITUS Sommet 27 CRS,205.0,65.0,160.0,2.46,3.02,2.23,26.2,http://www.avalanchedownhillracing.com/Bike set ups/2020 Sommet 27 CRS.htm
2023 YT Industries Capra MX,230.0,65.0,170.0,2.62,3.5,2.19,37.4,http://www.avalanchedownhillracing.com/Bike set ups/2023 Capra MX.htm
2020 YT Industries Decoy Shred,230.0,65.0,170.0,2.62,3.1,2.1,32.3,http://www.avalanchedownhillracing.com/Bike set ups/2020 Decoy Shred.htm
